path,label,class_name,original_source_split,md5,phash,duplicate_group_id,is_group_canonical,included_in_cv,status
train/Alluvial soil/Alluvial-soil-distribution-in-India-1.jpeg,0,Alluvial soil,train,26b92858855205328521e60065b4fdf3,dc92c9ac92b596e2,0,yes,yes,included_in_cv
train/Alluvial soil/Alluvial_13.jpg,0,Alluvial soil,train,799348a3b6780b328f0750d0c02750a4,b439d162cb77b842,1,yes,yes,included_in_cv
train/Alluvial soil/Alluvial_14.jpg,0,Alluvial soil,train,e7f3c085caad71c1e58e1be6b1bbd572,8c068e2cc96fba79,2,yes,yes,included_in_cv
train/Alluvial soil/Alluvial_15.jpg,0,Alluvial soil,train,0576ad56fd2999c50255b8ce96861981,dc61a376b43d9035,3,yes,yes,included_in_cv
train/Alluvial soil/Alluvial_17.jpg,0,Alluvial soil,train,9ab9357c87bb14b6b53834f7967b2a6c,a5d99b17a6079b06,4,yes,yes,included_in_cv
train/Alluvial soil/Alluvial_19.jpg,0,Alluvial soil,train,c78ae9f814814a12626cf7fef65e124a,95a49661f82ef05e,5,yes,yes,included_in_cv
train/Alluvial soil/Alluvial_23.jpg,0,Alluvial soil,train,bc4f68fd955faaeff960dee3472af2b9,d871bf6e249281e5,6,yes,yes,included_in_cv
train/Alluvial soil/Alluvial_27.jpg,0,Alluvial soil,train,32cff40986cfc87dcb9f11e43b0c4ea6,8611dc74da0ece6d,7,yes,yes,included_in_cv
train/Alluvial soil/Alluvial_28.jpg,0,Alluvial soil,train,8c44c5b2715f85e112df34e8142e5f80,d749626d05e4e327,8,yes,yes,included_in_cv
train/Alluvial soil/Alluvial_30.jpg,0,Alluvial soil,train,4dd7c633881f58433f44aab976926d71,8716bd77c00fa14d,9,yes,yes,included_in_cv
train/Alluvial soil/Alluvial_31.jpg,0,Alluvial soil,train,80a517f6eb7f5db4b5556e6eacf83eae,ad32b51dfc48911b,10,yes,yes,included_in_cv
train/Alluvial soil/Alluvial_32.jpg,0,Alluvial soil,train,3ab1fb6788b5f9ce14c2ed75cc395c41,c4345b08de1f5f58,11,yes,yes,included_in_cv
train/Alluvial soil/Alluvial_33.jpg,0,Alluvial soil,train,823bf71567a40043d8e3f3b315a0e173,8063e85ffd12f906,12,yes,yes,included_in_cv
train/Alluvial soil/Alluvial_34 - Copy.jpg,0,Alluvial soil,train,4eced23d5e889b7231bc63964fa0bb05,c016ad0fbd51be4a,13,yes,yes,included_in_cv
train/Alluvial soil/Alluvial_35 - Copy.jpg,0,Alluvial soil,train,245ff275ca442e7f420a65b4e9d14de0,c1c8bb2e1ef398c2,14,yes,yes,included_in_cv
train/Alluvial soil/Alluvial_35.jpg,0,Alluvial soil,train,245ff275ca442e7f420a65b4e9d14de0,c1c8bb2e1ef398c2,14,no,yes,included_in_cv
train/Alluvial soil/Alluvial_36.jpg,0,Alluvial soil,train,5c2ec82e20a86186b3e22d13c4c23d37,d5311302abe2eaaf,15,yes,yes,included_in_cv
train/Alluvial soil/Alluvial_37.jpg,0,Alluvial soil,train,db36006dfdcd8f0a852b9b113970cd5b,dc41a33cd01fec59,16,yes,yes,included_in_cv
train/Alluvial soil/Alluvial_38 - Copy.jpg,0,Alluvial soil,train,c87c5d44016b18e9cf938ce99b9626c4,8773fa0fe507a444,17,yes,yes,included_in_cv
train/Alluvial soil/Alluvial_38.jpg,0,Alluvial soil,train,c87c5d44016b18e9cf938ce99b9626c4,8773fa0fe507a444,17,no,yes,included_in_cv
train/Alluvial soil/Alluvial_40.jpg,0,Alluvial soil,train,1a4af7398a284db94684ece0a0fe9ab7,d7592b5a1699370c,18,yes,yes,included_in_cv
train/Alluvial soil/Alluvial_41.jpg,0,Alluvial soil,train,4ab1760e23be26cb9f89ad6b465474cf,c1fd12a554d356cc,19,yes,yes,included_in_cv
train/Alluvial soil/Alluvial_43.jpg,0,Alluvial soil,train,20ddb3c47a1949fca5a96e81e7141d75,a6419d36a619f966,20,yes,yes,included_in_cv
train/Alluvial soil/Alluvial_44.jpg,0,Alluvial soil,train,3e7d04c7d2eee4d2cdf319f464223d73,9b59c55e3e0582b3,21,yes,yes,included_in_cv
train/Alluvial soil/Alluvial_46.jpg,0,Alluvial soil,train,b1902f0f1e9a0cf42f428689622ee09b,88eaf115f41af11b,22,yes,yes,included_in_cv
train/Alluvial soil/Alluvial_47.jpg,0,Alluvial soil,train,a5c5e138da5a72a091d23f1163abb522,e4cbb9649b16ec12,23,yes,yes,included_in_cv
train/Alluvial soil/Alluvial_50.jpg,0,Alluvial soil,train,a5c5e138da5a72a091d23f1163abb522,e4cbb9649b16ec12,23,no,yes,included_in_cv
train/Alluvial soil/CHANNINGDAUGHTERSsoilprofile4.JPG.jpg,0,Alluvial soil,train,3a24d3f90148ac359bff0f3d50bd27b4,85f4e5c7f39e1300,24,yes,yes,included_in_cv
train/Alluvial soil/Copy of 1000_F_240425429_YL91trtDxXQl8L0OKP7zyngeSb63olAC.jpg,0,Alluvial soil,train,f2c2bf74611ef87d44e7705666cbcccd,af5f9b1c2207489d,25,yes,yes,included_in_cv
train/Alluvial soil/Copy of Alluvial-soil-distribution-in-India.jpg,0,Alluvial soil,train,85b0e0723a76dfd0fc0d9b0c23d5f74d,fcf6eae0c0c2870e,26,yes,yes,included_in_cv
train/Alluvial soil/Copy of IMG-20220531-WA0018.jpg,0,Alluvial soil,train,a35c0947ff55aaa0c1f44704f3e85f03,c83479727e3c6453,27,yes,yes,included_in_cv
train/Alluvial soil/Copy of IMG-20220531-WA0020.jpg,0,Alluvial soil,train,e0794f9aa7919059c2381c92c54cf220,c83479b27e3c2c53,27,no,yes,included_in_cv
train/Alluvial soil/Copy of IMG-20220531-WA0022.jpg,0,Alluvial soil,train,7ab4adb3fe0ac794d7328002d73911f7,c814f9a2fe3c2c53,27,no,yes,included_in_cv
train/Alluvial soil/Copy of IMG-20220531-WA0023.jpg,0,Alluvial soil,train,dcb6bb944ec8db6a00635339010c7d1e,c814d8e2de3dacc3,27,no,yes,included_in_cv
train/Alluvial soil/Copy of IMG-20220531-WA0024.jpg,0,Alluvial soil,train,a06d2fc1a0c07ae58e68b365fbd2064b,c83479b27f3c2453,27,no,yes,included_in_cv
train/Alluvial soil/Copy of IMG-20220531-WA0025.jpg,0,Alluvial soil,train,2c7887174c9f810cc4c9c55061546c92,c551f5951515c55d,28,yes,yes,included_in_cv
train/Alluvial soil/Copy of IMG-20220531-WA0026.jpg,0,Alluvial soil,train,f79f4a211dd1551313724a85985581f4,c814f9a2fe3c2c53,27,no,yes,included_in_cv
train/Alluvial soil/Copy of IMG-20220531-WA0027.jpg,0,Alluvial soil,train,810fb5f5a0b61aedab79a0219099c155,c816d9e2de38acc3,27,no,yes,included_in_cv
train/Alluvial soil/Copy of IMG-20220531-WA0029.jpg,0,Alluvial soil,train,38a9312379e043ca2c57fffa0e784fee,c814d8a2fe3d2cd3,27,no,yes,included_in_cv
train/Alluvial soil/Copy of IMG-20220531-WA0032.jpg,0,Alluvial soil,train,cb99eb40face042800cfd6028951ce5e,c551f5951515c55d,28,no,yes,included_in_cv
train/Alluvial soil/Copy of IMG-20220531-WA0033.jpg,0,Alluvial soil,train,4eb0fa6a18252c5b033b16d36854f868,c551f5951515c55d,28,no,yes,included_in_cv
train/Alluvial soil/Copy of IMG-20220531-WA0034.jpg,0,Alluvial soil,train,75f949b922acc6c2601db6d60e48b913,c816d8e2df38acc3,27,no,yes,included_in_cv
train/Alluvial soil/Copy of IMG-20220531-WA0035.jpg,0,Alluvial soil,train,e7d3f7a9577036b08871186ab16e9627,c551f5951515c55d,28,no,yes,included_in_cv
train/Alluvial soil/Copy of IMG-20220531-WA0036.jpg,0,Alluvial soil,train,c4eab08275ecbf8c439224c29c7a8e1b,c5517db51535854d,28,no,yes,included_in_cv
train/Alluvial soil/Copy of IMG-20220531-WA0037.jpg,0,Alluvial soil,train,c239352e756d2a58f4afd03b3f588198,c551f5959515c54d,28,no,yes,included_in_cv
train/Alluvial soil/Copy of IMG-20220531-WA0038.jpg,0,Alluvial soil,train,6066ea5b8849bbc0872de76f4583d3d4,c834f9a2fe3c2453,27,no,yes,included_in_cv
train/Alluvial soil/Copy of IMG-20220531-WA0039.jpg,0,Alluvial soil,train,91f1b4c3fc364fed68d67e2d210ab7c2,c814d8e2ff38acc3,27,no,yes,included_in_cv
train/Alluvial soil/Copy of IMG-20220531-WA0040.jpg,0,Alluvial soil,train,8fea38c67d42d8f0d7e9d40a8ac3c331,c168fcd201a57a7e,29,yes,yes,included_in_cv
train/Alluvial soil/Copy of IMG-20220531-WA0041.jpg,0,Alluvial soil,train,8e57bb4b1f3eef5023bf1e649e3c7fad,c148fc9241a5fe7a,30,yes,yes,included_in_cv
train/Alluvial soil/Copy of IMG-20220531-WA0043.jpg,0,Alluvial soil,train,dc0e79bf6209b85068b29331c3e2a984,c16cfc9248b4f547,30,no,yes,included_in_cv
train/Alluvial soil/Copy of IMG-20220531-WA0045.jpg,0,Alluvial soil,train,22127124bf6c54427501371082644d5b,c16cfc9248b4f547,30,no,yes,included_in_cv
train/Alluvial soil/Copy of IMG-20220531-WA0046.jpg,0,Alluvial soil,train,075466f701cfe919d842805b40437adf,c148fc9241a5fe5e,30,no,yes,included_in_cv
train/Alluvial soil/Copy of IMG-20220531-WA0048.jpg,0,Alluvial soil,train,8c204c6341506af31700913bbaa55386,c55a7d341535b50d,31,yes,yes,included_in_cv
train/Alluvial soil/Copy of IMG-20220531-WA0049.jpg,0,Alluvial soil,train,e07b6ccef52a641cc2c8418f1e978249,c148fc9248b5fc5e,30,no,yes,included_in_cv
train/Alluvial soil/Copy of IMG-20220531-WA0050.jpg,0,Alluvial soil,train,ce2d6304eeeb2108544d8d4c2ca1a708,c16cfc9248b4f547,30,no,yes,included_in_cv
train/Alluvial soil/Copy of IMG-20220531-WA0052.jpg,0,Alluvial soil,train,ffa3f3be5df34d7b27354bac088be20c,c96cfc9248a4f547,30,no,yes,included_in_cv
train/Alluvial soil/Copy of IMG-20220531-WA0053.jpg,0,Alluvial soil,train,2ae6a9489e2cf8c8f6e99e8db370c135,c17cfcb049e8b645,32,yes,yes,included_in_cv
train/Alluvial soil/Copy of IMG-20220531-WA0054.jpg,0,Alluvial soil,train,6cd37b71c7931ff4bfa05c0ac92cb42e,c15cfcb44968b665,32,no,yes,included_in_cv
train/Alluvial soil/Copy of IMG-20220531-WA0055.jpg,0,Alluvial soil,train,eeb6aab2c27e99d5cfbc2ed3d100ea4e,c17cfcb04968b665,32,no,yes,included_in_cv
train/Alluvial soil/Copy of IMG-20220531-WA0059.jpg,0,Alluvial soil,train,ebfa30336cd6148951b779c3412928af,c14cfdb41168bea5,32,no,yes,included_in_cv
train/Alluvial soil/Copy of IMG-20220531-WA0060.jpg,0,Alluvial soil,train,93b70b87646ca5b83d9e97ef7cdb3508,d384b1cca9c087fd,33,yes,yes,included_in_cv
train/Alluvial soil/Copy of IMG-20220531-WA0061.jpg,0,Alluvial soil,train,31f6c7478a405d65273863bb6ddb15aa,d384b1eca9c085fd,33,no,yes,included_in_cv
train/Alluvial soil/Copy of IMG-20220531-WA0062.jpg,0,Alluvial soil,train,a1edac5afad8211eb76a08c37cbbc268,d384b1eca9c085fd,33,no,yes,included_in_cv
train/Alluvial soil/Copy of IMG-20220531-WA0063.jpg,0,Alluvial soil,train,d35b845cc4f762f2b0df3e7873724114,d384b1eca9c085fd,33,no,yes,included_in_cv
train/Alluvial soil/Copy of IMG-20220531-WA0064.jpg,0,Alluvial soil,train,560d7e65c9bc98b762dff3b7968f0e7c,d384b1eca9e081fd,33,no,yes,included_in_cv
train/Alluvial soil/Copy of IMG-20220531-WA0065.jpg,0,Alluvial soil,train,4ae086e7c778ea99a246eb2c9cda0ec2,c14cfdb41168bea5,32,no,yes,included_in_cv
train/Alluvial soil/Copy of IMG-20220531-WA0068.jpg,0,Alluvial soil,train,780afd4861c5632eb45695a7c573d5e1,d384b1eca9c085fd,33,no,yes,included_in_cv
train/Alluvial soil/Copy of IMG-20220531-WA0069.jpg,0,Alluvial soil,train,24f9166a827a774dd4b399a5f0f8b15a,d384b0ece942477d,34,yes,yes,included_in_cv
train/Alluvial soil/Copy of IMG-20220531-WA0070.jpg,0,Alluvial soil,train,2526b267649c1d405011779e28eb68d0,c55175b51535c54d,28,no,yes,included_in_cv
train/Alluvial soil/Copy of IMG-20220531-WA0071.jpg,0,Alluvial soil,train,a65f17ca9072449a7e1b94e20d69d3ba,d384b2ece940477d,34,no,yes,included_in_cv
train/Alluvial soil/Copy of IMG-20220531-WA0073.jpg,0,Alluvial soil,train,823e43f7f25a33f4e25b0f4788175c59,d28cf2eceb405179,35,yes,yes,included_in_cv
train/Alluvial soil/Copy of IMG-20220531-WA0074.jpg,0,Alluvial soil,train,7a43827d983e2aaa9e6928bec1840e21,9423c65ca3d35aae,36,yes,yes,included_in_cv
train/Alluvial soil/Copy of IMG-20220531-WA0075.jpg,0,Alluvial soil,train,0a69ef6373f2ca3f014c93dab57fddf7,c5517db51535c44d,28,no,yes,included_in_cv
train/Alluvial soil/Copy of IMG-20220531-WA0076.jpg,0,Alluvial soil,train,7eebc55a1bee8b58097af0935ee19e15,9423c65ca3d35aae,36,no,yes,included_in_cv
train/Alluvial soil/Copy of IMG-20220531-WA0077.jpg,0,Alluvial soil,train,433b7c7708a55da130565e34b7ad17f9,9423c65ca3d35aae,36,no,yes,included_in_cv
train/Alluvial soil/Copy of IMG-20220531-WA0078.jpg,0,Alluvial soil,train,de0d0411f96ecb1f3540135feafbc31b,8a779c0d35e2c23d,37,yes,yes,included_in_cv
train/Alluvial soil/Copy of IMG-20220531-WA0079.jpg,0,Alluvial soil,train,714430ff274bd9f38941c2609ea3c04f,c5537db51535850d,28,no,yes,included_in_cv
train/Alluvial soil/Copy of IMG-20220531-WA0080.jpg,0,Alluvial soil,train,9699f18c699fb9302978a6acbaefcf32,9423c658a3d75aae,36,no,yes,included_in_cv
train/Alluvial soil/Copy of IMG-20220531-WA0081.jpg,0,Alluvial soil,train,242b322905da042ac95fdbf1842ea36d,9a779c0d35e2c22d,37,no,yes,included_in_cv
train/Alluvial soil/Copy of IMG-20220531-WA0082.jpg,0,Alluvial soil,train,3142ec3d0c21651a67dc1da61a2c456d,9423c658abd35aae,36,no,yes,included_in_cv
train/Alluvial soil/Copy of IMG-20220531-WA0088.jpg,0,Alluvial soil,train,b09c1fa29291fa4a3ab09ff376d7d926,9a679c0d35e6c22d,37,no,yes,included_in_cv
train/Alluvial soil/Copy of IMG-20220531-WA0089.jpg,0,Alluvial soil,train,5d872346f6bc7cca89d2c04c6c2b5297,8a779c0d35e2c23d,37,no,yes,included_in_cv
train/Alluvial soil/Copy of IMG-20220531-WA0090.jpg,0,Alluvial soil,train,09ee2827d75dc63a3ff2dfea3651f8cf,cf68d3b9e94aa016,38,yes,yes,included_in_cv
train/Alluvial soil/Copy of IMG-20220531-WA0092.jpg,0,Alluvial soil,train,49cd8aaf2af1175f5aff4c4071f425f7,c768d3b9e14ae816,38,no,yes,included_in_cv
train/Alluvial soil/Copy of IMG-20220531-WA0093.jpg,0,Alluvial soil,train,145ff186dc418301e6938e2b9dcf6900,9a679c0d35e6c22d,37,no,yes,included_in_cv
train/Alluvial soil/Copy of IMG-20220531-WA0094.jpg,0,Alluvial soil,train,fdf793fbc4e357d3703c821f6b5cd1dd,c368d3b9e94ae816,38,no,yes,included_in_cv
train/Alluvial soil/Copy of Photograph-showing-the-presence-of-alluvial-soil-along-stream-course-dry-near-Patlodha_Q640.jpg,0,Alluvial soil,train,ac1f8b50714e4d4da3bcce588aecb0ff,d51e3c262f3e2b41,39,yes,yes,included_in_cv
train/Alluvial soil/Copy of Sample10.180.jpg,0,Alluvial soil,train,d274ddcf4c98397848638ef1cf677b91,85347adb614ab725,40,yes,yes,included_in_cv
train/Alluvial soil/Copy of Sample10.30.jpg,0,Alluvial soil,train,96adb748251edee742970c1a3b83f985,ca183ce3d38e9e38,41,yes,yes,included_in_cv
train/Alluvial soil/Copy of Sample10.60.jpg,0,Alluvial soil,train,7a70512f0ab3eff195804de91230a981,cf3230c7b6cccb30,42,yes,yes,included_in_cv
train/Alluvial soil/Copy of Sample11.0.jpg,0,Alluvial soil,train,d63ad7b8270699366165d92b185e32c5,9ef0693e2748e6d0,43,yes,yes,included_in_cv
train/Alluvial soil/Copy of Sample11.30.jpg,0,Alluvial soil,train,4d15fab8036e7cbd4e0303d483a3cd61,9acc6573c69699c8,44,yes,yes,included_in_cv
train/Alluvial soil/Copy of Sample11.60.jpg,0,Alluvial soil,train,58fdd551eccb8a1954f2cbcc0ef0054b,9e8c6171963ec99c,45,yes,yes,included_in_cv
train/Alluvial soil/Copy of Sample11.90.jpg,0,Alluvial soil,train,c378604714818336193f9a22f3c15b82,c3987a2eb4659ac3,46,yes,yes,included_in_cv
train/Alluvial soil/Copy of Sample13.0.jpg,0,Alluvial soil,train,74b4a5366bb28d7b8a3ecb9dfe957d28,97346ac3853dda34,47,yes,yes,included_in_cv
train/Alluvial soil/Copy of Sample13.150.jpg,0,Alluvial soil,train,58ada5511df9d1c41765bb3343adf5ae,cfcf3030cbc74c1c,48,yes,yes,included_in_cv
train/Alluvial soil/Copy of Sample13.180.jpg,0,Alluvial soil,train,3d52ac775cca10f49a0d5393ad8365ba,c2963f61d0928f9e,49,yes,yes,included_in_cv
train/Alluvial soil/Copy of Sample13.90.jpg,0,Alluvial soil,train,31d02d52383ce8d8ad671d8817e841b2,9acf65383632b263,50,yes,yes,included_in_cv
train/Alluvial soil/Copy of Sample9.120.jpg,0,Alluvial soil,train,06d4c40765c96c9a16bd00556980f4ce,9a63659c93cb826d,51,yes,yes,included_in_cv
train/Alluvial soil/Copy of Sample9.180.jpg,0,Alluvial soil,train,5288d7673c25e7002b90dff3bd45f7a1,959d6e606827e566,52,yes,yes,included_in_cv
train/Alluvial soil/Copy of alluvial-diamond-layers-mining-site-western-cape-south-africa-G8CR87.jpg,0,Alluvial soil,train,1f14771e6166103b51c2fe3dc4d6bab4,92d07d937e8971a1,53,yes,yes,included_in_cv
train/Alluvial soil/Copy of alluvial-soil-1kg-green-era-original-imag4r54hhybzhqc.jpeg,0,Alluvial soil,train,5b2786f6f43bc38254754e64ef56791a,a771a6011ecd7cac,54,yes,yes,included_in_cv
train/Alluvial soil/Copy of alluvial-soil-1kg-green-era-original-imag4r54wbucymtp.jpeg,0,Alluvial soil,train,195fe541b67c20f88335474dd681cbdc,ab64dba5503f3829,55,yes,yes,included_in_cv
train/Alluvial soil/Copy of alluvial-soil-profile-agricultural-land-260nw-1867228486.jpg,0,Alluvial soil,train,5e2c76bcf1cacc2d456ea0908196235b,961dc053e96a8d5d,56,yes,yes,included_in_cv
train/Alluvial soil/Copy of image14 (2).jpeg,0,Alluvial soil,train,23f8ac25a916a4b4dc23f960194ac355,f45fb554c428a70d,57,yes,no,excluded_cross_class_duplicate_conflict
train/Alluvial soil/Copy of image3 (2).jpeg,0,Alluvial soil,train,808cda81aede946bb05899e48bf744dd,83fe015dd7a462c3,58,yes,yes,included_in_cv
train/Alluvial soil/Copy of image6 (2).jpeg,0,Alluvial soil,train,c61285f9282990e0068bbecda6d1c541,c18789f6f0f076b0,59,yes,yes,included_in_cv
train/Alluvial soil/Copy of image7 (2).jpeg,0,Alluvial soil,train,ea510013e0c35db3ef8167db7dd943be,abb2d5d081f5f2a0,60,yes,yes,included_in_cv
train/Alluvial soil/Copy of image7.jpeg,0,Alluvial soil,train,5487a61c7ed8b4ce123d1cfc785cde5b,f42cb112a372fa17,61,yes,yes,included_in_cv
train/Alluvial soil/Copy of images42.jpg,0,Alluvial soil,train,d342841a3780acbf6d8e3c217d9d3775,8d2f6ef6b6113062,62,yes,yes,included_in_cv
train/Alluvial soil/Copy of images81.jpg,0,Alluvial soil,train,47483692fbb65c5ff1cca40c27d6a737,93b3a88c5943ccfc,63,yes,yes,included_in_cv
train/Alluvial soil/Copy of images96.jpg,0,Alluvial soil,train,b3920091648ad815a6f84126455f317a,d51e3c262f3e2b41,39,no,yes,included_in_cv
train/Alluvial soil/Copy of photo_2022-06-01_07-04-38.jpg,0,Alluvial soil,train,84aeefbbe10e541bd8e5b51f4391d610,c368d3b9e94ae816,38,no,yes,included_in_cv
train/Alluvial soil/Copy of photo_2022-06-01_07-04-46.jpg,0,Alluvial soil,train,5979947ed31b499fcf778e2a1805f982,9423c658abd35aae,36,no,yes,included_in_cv
train/Alluvial soil/Copy of photo_2022-06-01_07-05-32.jpg,0,Alluvial soil,train,b4cb0a93379339d54651a9a5fd32ac6e,9a679c0d35e6c22d,37,no,yes,included_in_cv
train/Alluvial soil/Copy of photo_2022-06-01_07-05-40.jpg,0,Alluvial soil,train,07556321e435fd4de521b26b32b1461e,c368d3b9e94ae816,38,no,yes,included_in_cv
train/Alluvial soil/Copy of photo_2022-06-01_07-05-44.jpg,0,Alluvial soil,train,141576f2c98aadf25d04a4905b179f9d,9a679c0d35e6c22d,37,no,yes,included_in_cv
train/Alluvial soil/Copy of photo_2022-06-01_07-05-48.jpg,0,Alluvial soil,train,a3e5661f1720c11046a000d9ef602220,c768d3b9e14ae816,38,no,yes,included_in_cv
train/Alluvial soil/Copy of photo_2022-06-01_07-05-52.jpg,0,Alluvial soil,train,c715e561e52a79166d705f0879dbc693,c768d3b9e14af016,38,no,yes,included_in_cv
train/Alluvial soil/Copy of photo_2022-06-01_07-05-56.jpg,0,Alluvial soil,train,40287a7e0dab72149834bd26512b2ad7,9a679c0d35e6c22d,37,no,yes,included_in_cv
train/Alluvial soil/Copy of photo_2022-06-01_07-06-00.jpg,0,Alluvial soil,train,a9fcd5acffc78acf75993dd7749d8d6a,cf68d3b9e94aa016,38,no,yes,included_in_cv
train/Alluvial soil/Copy of photo_2022-06-01_07-06-04.jpg,0,Alluvial soil,train,43d85396c43d676704f6b704037c91db,c768d3b9e14af016,38,no,yes,included_in_cv
train/Alluvial soil/Copy of photo_2022-06-01_07-06-11.jpg,0,Alluvial soil,train,250a5611ffd97d99fb2d94fc5316f903,9a679c0d35e6c22d,37,no,yes,included_in_cv
train/Alluvial soil/Copy of photo_2022-06-01_07-06-15.jpg,0,Alluvial soil,train,b25c7388c190c9ce4d0efc9b21640508,9a679c0d35e6c22d,37,no,yes,included_in_cv
train/Alluvial soil/Copy of photo_2022-06-01_07-06-18.jpg,0,Alluvial soil,train,850063a893765db32f03711c799280a5,9a779c0d35e2c22d,37,no,yes,included_in_cv
train/Alluvial soil/Copy of photo_2022-06-01_07-06-23.jpg,0,Alluvial soil,train,edcc04a86e21694c02d2fba0c6351335,9423c658a3d75aae,36,no,yes,included_in_cv
train/Alluvial soil/Copy of photo_2022-06-01_07-06-27.jpg,0,Alluvial soil,train,24e6a62b0406d3cd36cf64b671c3114a,c5537db51535850d,28,no,yes,included_in_cv
train/Alluvial soil/Copy of photo_2022-06-01_07-06-30.jpg,0,Alluvial soil,train,d5088f806b97e8c7cc39e334cd96bb4f,8a779c0d35e2c23d,37,no,yes,included_in_cv
train/Alluvial soil/Copy of photo_2022-06-01_07-06-33.jpg,0,Alluvial soil,train,b16a8f1a3f5c0dfb9ebc19c488954396,c83479b27f3c2453,27,no,yes,included_in_cv
train/Alluvial soil/Copy of photo_2022-06-01_07-06-37.jpg,0,Alluvial soil,train,79253a81634791261983716319c6cd51,9423c65ca3d35aae,36,no,yes,included_in_cv
train/Alluvial soil/Copy of photo_2022-06-01_07-06-41.jpg,0,Alluvial soil,train,23966f881bb769009230aacd16142bfe,9423c658a3d75aae,36,no,yes,included_in_cv
train/Alluvial soil/Copy of photo_2022-06-01_07-06-45.jpg,0,Alluvial soil,train,3881bec4476d0e12fffe2b388fe0102c,c5517db51535c44d,28,no,yes,included_in_cv
train/Alluvial soil/Copy of photo_2022-06-01_07-06-48.jpg,0,Alluvial soil,train,d3cc4af4572b87354fdfc74fc8e66c88,9423c65ca3d35aae,36,no,yes,included_in_cv
train/Alluvial soil/Copy of photo_2022-06-01_07-06-57.jpg,0,Alluvial soil,train,36a2108392c065167f1fc85785561dc2,d28cf2eceb405179,35,no,yes,included_in_cv
train/Alluvial soil/Copy of photo_2022-06-01_07-07-04.jpg,0,Alluvial soil,train,7b4d60d0f2bc7e49ec3c1a4e6b6daef6,d384b2ece940477d,34,no,yes,included_in_cv
train/Alluvial soil/Copy of photo_2022-06-01_07-07-08.jpg,0,Alluvial soil,train,6f551d1c38844dbab7c838e30483d793,d384b2ece940477d,34,no,yes,included_in_cv
train/Alluvial soil/Copy of photo_2022-06-01_07-07-11.jpg,0,Alluvial soil,train,383ab5e95682cad7a86386b79c573e14,d384b1eca9c085fd,33,no,yes,included_in_cv
train/Alluvial soil/Copy of photo_2022-06-01_07-07-15.jpg,0,Alluvial soil,train,dbecce06afbce4c3dd9be26e0cf7a13b,d38cb0ece940477d,34,no,yes,included_in_cv
train/Alluvial soil/Copy of photo_2022-06-01_07-07-20.jpg,0,Alluvial soil,train,99f26013bfe888446d8e6eea2b4c11b6,d384b2ece940477d,34,no,yes,included_in_cv
train/Alluvial soil/Copy of photo_2022-06-01_07-07-41.jpg,0,Alluvial soil,train,125185dc903bf5f4c555bf10e7513459,c14cfdb41168bea5,32,no,yes,included_in_cv
train/Alluvial soil/Copy of photo_2022-06-01_07-07-45.jpg,0,Alluvial soil,train,3abc71b6fbfaa8478fee4cfd9334aa2b,d384b1eca9c085fd,33,no,yes,included_in_cv
train/Alluvial soil/Copy of photo_2022-06-01_07-07-48.jpg,0,Alluvial soil,train,dca8fe9d035c1b23d0dff8371166c52a,d384b1eca9c085fd,33,no,yes,included_in_cv
train/Alluvial soil/Copy of photo_2022-06-01_07-07-56.jpg,0,Alluvial soil,train,88a0adb24ef46fd5e9a557ec234ebac6,d384b1cca9c285fd,33,no,yes,included_in_cv
train/Alluvial soil/Copy of photo_2022-06-01_07-08-00.jpg,0,Alluvial soil,train,7a25397b9b8b6f4b5ca0c1f2346b707e,c14cfdb41168bea5,32,no,yes,included_in_cv
train/Alluvial soil/Copy of photo_2022-06-01_07-08-03.jpg,0,Alluvial soil,train,b80ecfe4d2ecad16be71d96a63f7c524,c15cfdb40168be65,32,no,yes,included_in_cv
train/Alluvial soil/Copy of photo_2022-06-01_07-08-07.jpg,0,Alluvial soil,train,07f43c6c1db388ab7ae1c60c4638b92f,c15cfcb049e8b665,32,no,yes,included_in_cv
train/Alluvial soil/Copy of photo_2022-06-01_07-08-10.jpg,0,Alluvial soil,train,399a263d82621930210413d32a5d4edc,c17cfcb04968b665,32,no,yes,included_in_cv
train/Alluvial soil/Copy of photo_2022-06-01_07-08-18.jpg,0,Alluvial soil,train,d8d6cbb2e97e3df53971b00263e0f833,c15cfcb44968b665,32,no,yes,included_in_cv
train/Alluvial soil/Copy of photo_2022-06-01_07-08-22.jpg,0,Alluvial soil,train,f7677504bf844fdec4423b7f68f9ebc1,c17cfcb049e8b645,32,no,yes,included_in_cv
train/Alluvial soil/Copy of photo_2022-06-01_07-08-26.jpg,0,Alluvial soil,train,fd4d88696eecf9292ea2ab34d90f9816,c96cfc9248a4f547,30,no,yes,included_in_cv
train/Alluvial soil/Copy of photo_2022-06-01_07-08-29.jpg,0,Alluvial soil,train,30fc4fa0597482cf60a735be9c8526dd,c16cfc9248b4f547,30,no,yes,included_in_cv
train/Alluvial soil/Copy of photo_2022-06-01_07-08-33.jpg,0,Alluvial soil,train,3ab37254855f841b60726cc164460995,c834f9a2fe3c2453,27,no,yes,included_in_cv
train/Alluvial soil/Copy of photo_2022-06-01_07-08-36.jpg,0,Alluvial soil,train,45c13a99e0ee1940ef0c42b1516123d5,c814d8e2ff38acc3,27,no,yes,included_in_cv
train/Alluvial soil/Copy of photo_2022-06-01_07-08-40.jpg,0,Alluvial soil,train,70385dcaa1fedaad8a552bd26e653b2d,c16cfc9248b4f547,30,no,yes,included_in_cv
train/Alluvial soil/Copy of photo_2022-06-01_07-08-43.jpg,0,Alluvial soil,train,9b12097f2ab43d0a83f5ae3850112bf5,c16cfc9248b4f547,30,no,yes,included_in_cv
train/Alluvial soil/Copy of photo_2022-06-01_07-08-50.jpg,0,Alluvial soil,train,6286f7b9de24facdbe3d4165c0897df9,c148fc9248b5fc5e,30,no,yes,included_in_cv
train/Alluvial soil/Copy of photo_2022-06-01_07-08-54.jpg,0,Alluvial soil,train,a33f37537add05dd27bd3a40b88d1810,cd56c8e0ff38a4c1,64,yes,yes,included_in_cv
train/Alluvial soil/Copy of photo_2022-06-01_07-08-57.jpg,0,Alluvial soil,train,a4defa725436ac470c1416b89e52fba3,c148fc9248b4f55f,30,no,yes,included_in_cv
train/Alluvial soil/Copy of photo_2022-06-01_07-09-01.jpg,0,Alluvial soil,train,c14cc747b5748ae56bb48240e53f9353,cd56c8e2df38a4c1,64,no,yes,included_in_cv
train/Alluvial soil/Copy of photo_2022-06-01_07-09-04.jpg,0,Alluvial soil,train,cb9e46cb92eff817ab9321363aa9a7cf,c16cfc9248b4f547,30,no,yes,included_in_cv
train/Alluvial soil/Copy of photo_2022-06-01_07-09-07.jpg,0,Alluvial soil,train,04bed607582eb0d2aec314d3b99649d4,c148fc9241a5fe5e,30,no,yes,included_in_cv
train/Alluvial soil/Copy of photo_2022-06-01_07-09-14.jpg,0,Alluvial soil,train,3b46aeaf1625ecd744e86ba4ffe0c6a4,c168fcd201a57a7e,29,no,yes,included_in_cv
train/Alluvial soil/Copy of photo_2022-06-01_07-09-17.jpg,0,Alluvial soil,train,cf3b603feceb1bccdae81d242c20243e,c551f5959595c545,28,no,yes,included_in_cv
train/Alluvial soil/Copy of photo_2022-06-01_07-09-20.jpg,0,Alluvial soil,train,1b9e6d9cdea4a58f2b48773e0998d550,c816d8e2df38acc3,27,no,yes,included_in_cv
train/Alluvial soil/Copy of photo_2022-06-01_07-09-23.jpg,0,Alluvial soil,train,d193bb0975410541ee1ddd0637c7c27f,c551f5951515c55d,28,no,yes,included_in_cv
train/Alluvial soil/Copy of photo_2022-06-01_07-09-31.jpg,0,Alluvial soil,train,6d9d61add599d6003f6e51691a36955a,c814d8e2de3dacc3,27,no,yes,included_in_cv
train/Alluvial soil/Copy of photo_2022-06-01_07-09-35.jpg,0,Alluvial soil,train,67ea91e6efcc55c37e78320b4eb81c68,c814f9a2fe3c2c53,27,no,yes,included_in_cv
train/Alluvial soil/Copy of photo_2022-06-01_07-09-39.jpg,0,Alluvial soil,train,51a1f021d00f4977ecdf2a69d5e307c5,c83479b27e3c2c53,27,no,yes,included_in_cv
train/Alluvial soil/Copy of photo_2022-06-01_07-09-42.jpg,0,Alluvial soil,train,18ae76860bfac6f911ab2598022db781,c83479b27f3c2453,27,no,yes,included_in_cv
train/Alluvial soil/Copy of photo_2022-06-01_07-09-46.jpg,0,Alluvial soil,train,67adf3928788ebc62887a5c171aa3b38,c83479b27e3d2453,27,no,yes,included_in_cv
train/Alluvial soil/Copy of photo_2022-06-01_07-09-49.jpg,0,Alluvial soil,train,8be607483754462c93089dd07bbd0db2,c83479727e3c6453,27,no,yes,included_in_cv
train/Alluvial soil/Copy of photo_2022-06-01_07-09-53.jpg,0,Alluvial soil,train,68075e5e2d7daf648fac8653ae66f1f5,c87479727e2c6453,27,no,yes,included_in_cv
train/Alluvial soil/Copy of photo_2022-06-01_07-09-58.jpg,0,Alluvial soil,train,56cedcaa9346945755b5b25fbf6a7560,c551f5951515c55d,28,no,yes,included_in_cv
train/Alluvial soil/Copy of photo_2022-06-01_07-10-02.jpg,0,Alluvial soil,train,629b1f2b76c90d8081a37fd2c94ca16c,c5517db51535854d,28,no,yes,included_in_cv
train/Alluvial soil/Copy of photo_2022-06-01_07-10-05.jpg,0,Alluvial soil,train,fbae27d16db6317b234d17ac24ffc731,c551f5951515c55d,28,no,yes,included_in_cv
train/Alluvial soil/Copy of photo_2022-06-01_07-10-09.jpg,0,Alluvial soil,train,3f378c55ec1b0b31e95970a3466bc1cc,c551f5951515c55d,28,no,yes,included_in_cv
train/Alluvial soil/Copy of photo_2022-06-01_07-10-15.jpg,0,Alluvial soil,train,33712246f9966333ead1e69324a2ee1c,c814d8a2fe3d2cd3,27,no,yes,included_in_cv
train/Alluvial soil/Copy of photo_2022-06-01_07-10-21.jpg,0,Alluvial soil,train,9eaabb84907dd4a571d8e69132a2ab13,cc56c8e2ff38a4c1,64,no,yes,included_in_cv
train/Alluvial soil/Copy of photo_2022-06-01_07-10-24.jpg,0,Alluvial soil,train,496163c7c9677074533aac8092b096d5,c816d9e2de38acc3,27,no,yes,included_in_cv
train/Alluvial soil/Copy of unnamed-1-2.jpg,0,Alluvial soil,train,81a4d898317ccda8f7d50e481d466b1d,a28ddcc1cfd4c0f1,65,yes,yes,included_in_cv
train/Alluvial soil/Copy of v4-460px-Make-Clay-from-Indigenous-Soil-Step-1-Version-2.jpg,0,Alluvial soil,train,c37d3bc587c6eda4325a3e645247bed5,acdf2f81e0c5f105,66,yes,yes,included_in_cv
train/Alluvial soil/IMG-20220531-WA0019.jpg,0,Alluvial soil,train,6353bd2ecef26c37313a55d931d0d04f,c83479b27e3d2453,27,no,yes,included_in_cv
train/Alluvial soil/IMG-20220531-WA0020.jpg,0,Alluvial soil,train,e0794f9aa7919059c2381c92c54cf220,c83479b27e3c2c53,27,no,yes,included_in_cv
train/Alluvial soil/IMG-20220531-WA0021.jpg,0,Alluvial soil,train,0d00e6d841e1c964365d9ca87e7f749f,c83479b27f3c2453,27,no,yes,included_in_cv
train/Alluvial soil/IMG-20220531-WA0022.jpg,0,Alluvial soil,train,7ab4adb3fe0ac794d7328002d73911f7,c814f9a2fe3c2c53,27,no,yes,included_in_cv
train/Alluvial soil/IMG-20220531-WA0023.jpg,0,Alluvial soil,train,dcb6bb944ec8db6a00635339010c7d1e,c814d8e2de3dacc3,27,no,yes,included_in_cv
train/Alluvial soil/IMG-20220531-WA0024.jpg,0,Alluvial soil,train,a06d2fc1a0c07ae58e68b365fbd2064b,c83479b27f3c2453,27,no,yes,included_in_cv
train/Alluvial soil/IMG-20220531-WA0025.jpg,0,Alluvial soil,train,2c7887174c9f810cc4c9c55061546c92,c551f5951515c55d,28,no,yes,included_in_cv
train/Alluvial soil/IMG-20220531-WA0026.jpg,0,Alluvial soil,train,f79f4a211dd1551313724a85985581f4,c814f9a2fe3c2c53,27,no,yes,included_in_cv
train/Alluvial soil/IMG-20220531-WA0027.jpg,0,Alluvial soil,train,810fb5f5a0b61aedab79a0219099c155,c816d9e2de38acc3,27,no,yes,included_in_cv
train/Alluvial soil/IMG-20220531-WA0028.jpg,0,Alluvial soil,train,bb89590e410327557f88211027eb0afc,cd54c8e2ff38a4c1,64,no,yes,included_in_cv
train/Alluvial soil/IMG-20220531-WA0029.jpg,0,Alluvial soil,train,38a9312379e043ca2c57fffa0e784fee,c814d8a2fe3d2cd3,27,no,yes,included_in_cv
train/Alluvial soil/IMG-20220531-WA0030.jpg,0,Alluvial soil,train,07681a56c12c72d967c08a95e0189d83,c834f9a27e3d2453,27,no,yes,included_in_cv
train/Alluvial soil/IMG-20220531-WA0031.jpg,0,Alluvial soil,train,2fe73311454b550c1dcc16d841603796,c814d8e2fe3c2cd3,27,no,yes,included_in_cv
train/Alluvial soil/IMG-20220531-WA0032.jpg,0,Alluvial soil,train,cb99eb40face042800cfd6028951ce5e,c551f5951515c55d,28,no,yes,included_in_cv
train/Alluvial soil/IMG-20220531-WA0033.jpg,0,Alluvial soil,train,4eb0fa6a18252c5b033b16d36854f868,c551f5951515c55d,28,no,yes,included_in_cv
train/Alluvial soil/IMG-20220531-WA0034.jpg,0,Alluvial soil,train,75f949b922acc6c2601db6d60e48b913,c816d8e2df38acc3,27,no,yes,included_in_cv
train/Alluvial soil/IMG-20220531-WA0035.jpg,0,Alluvial soil,train,e7d3f7a9577036b08871186ab16e9627,c551f5951515c55d,28,no,yes,included_in_cv
train/Alluvial soil/IMG-20220531-WA0037.jpg,0,Alluvial soil,train,c239352e756d2a58f4afd03b3f588198,c551f5959515c54d,28,no,yes,included_in_cv
train/Alluvial soil/IMG-20220531-WA0038.jpg,0,Alluvial soil,train,6066ea5b8849bbc0872de76f4583d3d4,c834f9a2fe3c2453,27,no,yes,included_in_cv
train/Alluvial soil/IMG-20220531-WA0039.jpg,0,Alluvial soil,train,91f1b4c3fc364fed68d67e2d210ab7c2,c814d8e2ff38acc3,27,no,yes,included_in_cv
train/Alluvial soil/IMG-20220531-WA0041.jpg,0,Alluvial soil,train,8e57bb4b1f3eef5023bf1e649e3c7fad,c148fc9241a5fe7a,30,no,yes,included_in_cv
train/Alluvial soil/IMG-20220531-WA0044.jpg,0,Alluvial soil,train,00bdc9b03bd9eb4549a6c49a0349772a,cd56c8e2df38a4c1,64,no,yes,included_in_cv
train/Alluvial soil/IMG-20220531-WA0045.jpg,0,Alluvial soil,train,22127124bf6c54427501371082644d5b,c16cfc9248b4f547,30,no,yes,included_in_cv
train/Alluvial soil/IMG-20220531-WA0046.jpg,0,Alluvial soil,train,075466f701cfe919d842805b40437adf,c148fc9241a5fe5e,30,no,yes,included_in_cv
train/Alluvial soil/IMG-20220531-WA0047.jpg,0,Alluvial soil,train,dcf90b295e15efd7fdaf415d74e94d7b,c148fc9248b4f55f,30,no,yes,included_in_cv
train/Alluvial soil/IMG-20220531-WA0048.jpg,0,Alluvial soil,train,8c204c6341506af31700913bbaa55386,c55a7d341535b50d,31,no,yes,included_in_cv
train/Alluvial soil/IMG-20220531-WA0049.jpg,0,Alluvial soil,train,e07b6ccef52a641cc2c8418f1e978249,c148fc9248b5fc5e,30,no,yes,included_in_cv
train/Alluvial soil/IMG-20220531-WA0051.jpg,0,Alluvial soil,train,35a7ad41d8f309385178a2e37eed8592,c96cfc9248a4f547,30,no,yes,included_in_cv
train/Alluvial soil/IMG-20220531-WA0053.jpg,0,Alluvial soil,train,2ae6a9489e2cf8c8f6e99e8db370c135,c17cfcb049e8b645,32,no,yes,included_in_cv
train/Alluvial soil/IMG-20220531-WA0054.jpg,0,Alluvial soil,train,6cd37b71c7931ff4bfa05c0ac92cb42e,c15cfcb44968b665,32,no,yes,included_in_cv
train/Alluvial soil/IMG-20220531-WA0056.jpg,0,Alluvial soil,train,b8f6c71d34f1d809451b8a0778e06453,c17cfcb04968b665,32,no,yes,included_in_cv
train/Alluvial soil/IMG-20220531-WA0057.jpg,0,Alluvial soil,train,e0e789eebd05231a27bfa8ebd9be8365,c15cfcb049e8b665,32,no,yes,included_in_cv
train/Alluvial soil/IMG-20220531-WA0060.jpg,0,Alluvial soil,train,93b70b87646ca5b83d9e97ef7cdb3508,d384b1cca9c087fd,33,no,yes,included_in_cv
train/Alluvial soil/IMG-20220531-WA0061.jpg,0,Alluvial soil,train,31f6c7478a405d65273863bb6ddb15aa,d384b1eca9c085fd,33,no,yes,included_in_cv
train/Alluvial soil/IMG-20220531-WA0062.jpg,0,Alluvial soil,train,a1edac5afad8211eb76a08c37cbbc268,d384b1eca9c085fd,33,no,yes,included_in_cv
train/Alluvial soil/IMG-20220531-WA0063.jpg,0,Alluvial soil,train,d35b845cc4f762f2b0df3e7873724114,d384b1eca9c085fd,33,no,yes,included_in_cv
train/Alluvial soil/IMG-20220531-WA0064.jpg,0,Alluvial soil,train,560d7e65c9bc98b762dff3b7968f0e7c,d384b1eca9e081fd,33,no,yes,included_in_cv
train/Alluvial soil/IMG-20220531-WA0065.jpg,0,Alluvial soil,train,4ae086e7c778ea99a246eb2c9cda0ec2,c14cfdb41168bea5,32,no,yes,included_in_cv
train/Alluvial soil/IMG-20220531-WA0067.jpg,0,Alluvial soil,train,e126e006d887ffe69e39c7c1a0226327,d384b0ece942477d,34,no,yes,included_in_cv
train/Alluvial soil/IMG-20220531-WA0068.jpg,0,Alluvial soil,train,780afd4861c5632eb45695a7c573d5e1,d384b1eca9c085fd,33,no,yes,included_in_cv
train/Alluvial soil/IMG-20220531-WA0069.jpg,0,Alluvial soil,train,24f9166a827a774dd4b399a5f0f8b15a,d384b0ece942477d,34,no,yes,included_in_cv
train/Alluvial soil/IMG-20220531-WA0072.jpg,0,Alluvial soil,train,9aad8a2f7d58914a1f3d9bbd34133c10,d38cf0eceb405179,35,no,yes,included_in_cv
train/Alluvial soil/IMG-20220531-WA0074.jpg,0,Alluvial soil,train,7a43827d983e2aaa9e6928bec1840e21,9423c65ca3d35aae,36,no,yes,included_in_cv
train/Alluvial soil/IMG-20220531-WA0075.jpg,0,Alluvial soil,train,0a69ef6373f2ca3f014c93dab57fddf7,c5517db51535c44d,28,no,yes,included_in_cv
train/Alluvial soil/IMG-20220531-WA0076.jpg,0,Alluvial soil,train,7eebc55a1bee8b58097af0935ee19e15,9423c65ca3d35aae,36,no,yes,included_in_cv
train/Alluvial soil/IMG-20220531-WA0078.jpg,0,Alluvial soil,train,de0d0411f96ecb1f3540135feafbc31b,8a779c0d35e2c23d,37,no,yes,included_in_cv
train/Alluvial soil/IMG-20220531-WA0081.jpg,0,Alluvial soil,train,242b322905da042ac95fdbf1842ea36d,9a779c0d35e2c22d,37,no,yes,included_in_cv
train/Alluvial soil/IMG-20220531-WA0082.jpg,0,Alluvial soil,train,3142ec3d0c21651a67dc1da61a2c456d,9423c658abd35aae,36,no,yes,included_in_cv
train/Alluvial soil/IMG-20220531-WA0086.jpg,0,Alluvial soil,train,c4d91fc7b396f6d3988a7add7001dfa0,c768d3b9e14af016,38,no,yes,included_in_cv
train/Alluvial soil/IMG-20220531-WA0087.jpg,0,Alluvial soil,train,68de26d018e2e5ce964a13ee20735527,9a679c0d35e6c22d,37,no,yes,included_in_cv
train/Alluvial soil/IMG-20220531-WA0088.jpg,0,Alluvial soil,train,b09c1fa29291fa4a3ab09ff376d7d926,9a679c0d35e6c22d,37,no,yes,included_in_cv
train/Alluvial soil/IMG-20220531-WA0089.jpg,0,Alluvial soil,train,5d872346f6bc7cca89d2c04c6c2b5297,8a779c0d35e2c23d,37,no,yes,included_in_cv
train/Alluvial soil/IMG-20220531-WA0091.jpg,0,Alluvial soil,train,a39b69df1d22a6cb3b9532b90dea97b3,c768d3b9e14af016,38,no,yes,included_in_cv
train/Alluvial soil/IMG-20220531-WA0093.jpg,0,Alluvial soil,train,145ff186dc418301e6938e2b9dcf6900,9a679c0d35e6c22d,37,no,yes,included_in_cv
train/Alluvial soil/IMG-20220531-WA0094.jpg,0,Alluvial soil,train,fdf793fbc4e357d3703c821f6b5cd1dd,c368d3b9e94ae816,38,no,yes,included_in_cv
train/Alluvial soil/OIP.3Kq1BfOflfo9AeJdczaMowHaEK.jpg,0,Alluvial soil,train,866c9b2cf8fbab775134896475062caa,cdb24eba74607525,67,yes,yes,included_in_cv
train/Alluvial soil/OIP.DYv2HhVuCZkJuo6K4NcjgwHaE6.jpg,0,Alluvial soil,train,efd0721dbfc2d535286279322d44b992,c4878cf2f9f87098,68,yes,yes,included_in_cv
train/Alluvial soil/OIP.LrCRAxHVn5zVy0k3GitUygHaD4.jpg,0,Alluvial soil,train,f779d586cc1bad39682f48415999433a,ca287a5e3630b66d,69,yes,yes,included_in_cv
train/Alluvial soil/OIP.dRFUggaIxBebiqqG13n0_AHaE6.jpg,0,Alluvial soil,train,c7d34358c5aaf5ae002130f5582a0a32,c5345ecbc0a9e96c,70,yes,yes,included_in_cv
train/Alluvial soil/OIP.g1CkewGUpICmIzp9SBuyTAHaGz.jpg,0,Alluvial soil,train,ed2541c8870c2b5f6ff5c8d9191c73a7,b26992a8a51f7c3a,71,yes,yes,included_in_cv
train/Alluvial soil/Sample11.120.jpg,0,Alluvial soil,train,808e803aea8986dcb40cecad719f04fd,cf863069c3931ccf,72,yes,yes,included_in_cv
train/Alluvial soil/Sample11.150.jpg,0,Alluvial soil,train,06dadcf227d023974ea14d7cfc3ecd58,cbcd3072c7328ccd,73,yes,yes,included_in_cv
train/Alluvial soil/Sample11.180.jpg,0,Alluvial soil,train,cf68f4d682c233f14938b433a1fb182a,cb5a3c9472e2b15a,74,yes,yes,included_in_cv
train/Alluvial soil/Sample11.30.jpg,0,Alluvial soil,train,4d15fab8036e7cbd4e0303d483a3cd61,9acc6573c69699c8,44,no,yes,included_in_cv
train/Alluvial soil/Sample13.0.jpg,0,Alluvial soil,train,74b4a5366bb28d7b8a3ecb9dfe957d28,97346ac3853dda34,47,no,yes,included_in_cv
train/Alluvial soil/Sample13.150.jpg,0,Alluvial soil,train,58ada5511df9d1c41765bb3343adf5ae,cfcf3030cbc74c1c,48,no,yes,included_in_cv
train/Alluvial soil/Sample13.180.jpg,0,Alluvial soil,train,3d52ac775cca10f49a0d5393ad8365ba,c2963f61d0928f9e,49,no,yes,included_in_cv
train/Alluvial soil/Sample13.30.jpg,0,Alluvial soil,train,ead03da141750715a4655e829f2a61d8,9a92656d9e9219cb,75,yes,yes,included_in_cv
train/Alluvial soil/Sample13.60.jpg,0,Alluvial soil,train,59a6a091f989a8d88854ea963a5c6d52,999b65649e929999,76,yes,yes,included_in_cv
train/Alluvial soil/alluvial-deposite-tumacacori-az-260nw-1007253439.jpg,0,Alluvial soil,train,4e9e5da4dcfc784d0fa0acb8798e85af,8393b313830bb797,77,yes,yes,included_in_cv
train/Alluvial soil/alluvial-soil-1kg-green-era-original-imag4r54hhybzhqc.jpeg,0,Alluvial soil,train,5b2786f6f43bc38254754e64ef56791a,a771a6011ecd7cac,54,no,yes,included_in_cv
train/Alluvial soil/alluvial-soil-geographical-study-reference-260nw-1988780216.jpg,0,Alluvial soil,train,aa6880aff74a7a063742a161683173dd,d41fb45ce3489257,78,yes,yes,included_in_cv
train/Alluvial soil/alluvial-soil-geographical-study-reference-260nw-1992713210.jpg,0,Alluvial soil,train,7e227fb86bf42f847f536af38f4063ec,a712a90df634d33c,79,yes,yes,included_in_cv
train/Alluvial soil/alluvial-soil-geographical-study-reference-600w-1988780216.jpg,0,Alluvial soil,train,d5604ba678fd52b1032bc7767f02084d,d41f865ee94a9247,80,yes,yes,included_in_cv
train/Alluvial soil/alluvial-soil-geographical-study-reference-600w-1992713210.jpg,0,Alluvial soil,train,a8b148437fa3a037f517852612b9898d,a512eb0ff434d31c,81,yes,yes,included_in_cv
train/Alluvial soil/alluvial-soil-profile-agricultural-land-260nw-1867228486.jpg,0,Alluvial soil,train,5e2c76bcf1cacc2d456ea0908196235b,961dc053e96a8d5d,56,no,yes,included_in_cv
train/Alluvial soil/alluvial-soil-texture-agricultural-land-260nw-1867228120.jpg,0,Alluvial soil,train,0d479fc457bea909970fd72c939db49c,801abd7ef770c303,82,yes,yes,included_in_cv
train/Alluvial soil/alluvial-soil-texture-agricultural-land-600w-1867228120.jpg,0,Alluvial soil,train,855b687946e3b0f910d2d15354ba7a64,a81ab57af770c303,82,no,yes,included_in_cv
train/Alluvial soil/alluvial-soils-ricker-2primefarmland-1200x675-1.jpg,0,Alluvial soil,train,42350aad51e58df7fbbddb7a414e29b5,8707788dd663b49c,83,yes,yes,included_in_cv
train/Alluvial soil/alluvialsoil_MH.jpg,0,Alluvial soil,train,5e45952226fe9d1ce1714caa486c33c8,c7992c279b646725,84,yes,yes,included_in_cv
train/Alluvial soil/aug_0_1050.jpg,0,Alluvial soil,train,9d2183dfcb97d6c0b6e08fe57deeb58e,98e33e79e01e394c,85,yes,yes,included_in_cv
train/Alluvial soil/aug_0_1051.jpg,0,Alluvial soil,train,4544c2bc668ecb7cb6bc75f3c0dbdf8d,c2349e7732cddc0c,86,yes,yes,included_in_cv
train/Alluvial soil/aug_0_1172.jpg,0,Alluvial soil,train,00b1c51810e269d091b4b8fe62034df0,c692d2dc6d746c61,87,yes,yes,included_in_cv
train/Alluvial soil/aug_0_1349.jpg,0,Alluvial soil,train,35dbf4e1a383d48e60979653717f2fab,9364adcfdad30192,88,yes,yes,included_in_cv
train/Alluvial soil/aug_0_1354.jpg,0,Alluvial soil,train,5dabe6a121bb8482d3bdf0b9523c2f59,c699691659693b96,89,yes,yes,included_in_cv
train/Alluvial soil/aug_0_1550.jpg,0,Alluvial soil,train,5372b83aef622fdd330cb86d95951857,916679821fe20c7f,90,yes,yes,included_in_cv
train/Alluvial soil/aug_0_1804.jpg,0,Alluvial soil,train,e556a40fc1da64e588a41c1d5d3b6e45,9265a2de354d25d9,91,yes,yes,included_in_cv
train/Alluvial soil/aug_0_1963.jpg,0,Alluvial soil,train,4bc3f24a0c6cd8a9a8300b276740a2bf,97edcd10257c4353,92,yes,yes,included_in_cv
train/Alluvial soil/aug_0_2198.jpg,0,Alluvial soil,train,31cc46e6bf5b91e9eecf441c9b892537,b4c966cd32268f71,93,yes,yes,included_in_cv
train/Alluvial soil/aug_0_220.jpg,0,Alluvial soil,train,1c0b0661e5bcec95e1784d525fa257c0,83dc27ad78cf304a,94,yes,yes,included_in_cv
train/Alluvial soil/aug_0_240.jpg,0,Alluvial soil,train,94fe6ba2248812200e488f6dc962c064,cd62990c6e659a9e,95,yes,yes,included_in_cv
train/Alluvial soil/aug_0_2527.jpg,0,Alluvial soil,train,2a16a8a1d3416f4423d9f106f4e54413,91cfbcb9c701833c,96,yes,yes,included_in_cv
train/Alluvial soil/aug_0_2572.jpg,0,Alluvial soil,train,668e7bff9633d2920f7cf8836252ae76,b47bd07564d8945c,97,yes,yes,included_in_cv
train/Alluvial soil/aug_0_2622.jpg,0,Alluvial soil,train,7616225036dd05b43a436475ede05db6,c7b90632d9257566,98,yes,yes,included_in_cv
train/Alluvial soil/aug_0_2804.jpg,0,Alluvial soil,train,54dbdd749b63eca53cd07990e6af06df,b4cb669932c1b86e,99,yes,yes,included_in_cv
train/Alluvial soil/aug_0_2874.jpg,0,Alluvial soil,train,039949835cad068f929868d414fbc8e2,c7290c66999ad9d9,100,yes,yes,included_in_cv
train/Alluvial soil/aug_0_3005.jpg,0,Alluvial soil,train,d6b1bb7becff00676ffb0d035a55f616,b4cb261c738dac33,101,yes,yes,included_in_cv
train/Alluvial soil/aug_0_3420.jpg,0,Alluvial soil,train,f276215df393e47b088ab3c3af8da8ec,96e926d8a1ce71cc,102,yes,yes,included_in_cv
train/Alluvial soil/aug_0_3493.jpg,0,Alluvial soil,train,efee2ffba5cf58728b97641473d57c95,c699fc24935a636c,103,yes,yes,included_in_cv
train/Alluvial soil/aug_0_3643.jpg,0,Alluvial soil,train,513013f0d45332e2640a7878b1249beb,c19e2699a9716e4b,104,yes,yes,included_in_cv
train/Alluvial soil/aug_0_385.jpg,0,Alluvial soil,train,f76f7bd568afa199d2bbd7c8800f3b2c,9031cfc8c39f6569,105,yes,yes,included_in_cv
train/Alluvial soil/aug_0_4373.jpg,0,Alluvial soil,train,08d8821869318b4c4363aeeb5cd91ac4,ccb36c1629b43c6b,106,yes,yes,included_in_cv
train/Alluvial soil/aug_0_4589.jpg,0,Alluvial soil,train,3e304048c7df3d2e9d72d734e1be54bd,83fc27d950c730a7,107,yes,yes,included_in_cv
train/Alluvial soil/aug_0_4723.jpg,0,Alluvial soil,train,c071fb9db8f307a3a80cb9e3a69e4061,8976b1ee327c05cc,108,yes,yes,included_in_cv
train/Alluvial soil/aug_0_4845.jpg,0,Alluvial soil,train,f5f4b83ba7127def902a05aaa766b7f8,9a6c71c63833c5ea,109,yes,yes,included_in_cv
train/Alluvial soil/aug_0_5080.jpg,0,Alluvial soil,train,84173177cdddb4e308344b771e0de8a9,c7982cb59a2b3369,110,yes,yes,included_in_cv
train/Alluvial soil/aug_0_5081.jpg,0,Alluvial soil,train,93e65e21320662943fd890c2ab626d0a,e2ac2733d99a989a,111,yes,yes,included_in_cv
train/Alluvial soil/aug_0_5456.jpg,0,Alluvial soil,train,7dc8060252844416cb2284c94aa3d34b,cd1264d83bbc432f,112,yes,yes,included_in_cv
train/Alluvial soil/aug_0_574.jpg,0,Alluvial soil,train,80d80b55986d6e723a4ff0905339d1ce,c9629b4c6e319cb3,113,yes,yes,included_in_cv
train/Alluvial soil/aug_0_5752.jpg,0,Alluvial soil,train,77d0493621837ce3f6e1e9d94b11796b,e385bcf359492724,114,yes,yes,included_in_cv
train/Alluvial soil/aug_0_5864.jpg,0,Alluvial soil,train,5adc6aef1332ad60504d957738d2787b,93448ccf9a363e96,115,yes,yes,included_in_cv
train/Alluvial soil/aug_0_5948.jpg,0,Alluvial soil,train,5023a95941fd8a611d9ffbe0db41b455,886778003fe1bea7,116,yes,yes,included_in_cv
train/Alluvial soil/aug_0_6031.jpg,0,Alluvial soil,train,acee5bcebf9a188bb32cc748fa180afc,93c67872e51b3b14,117,yes,yes,included_in_cv
train/Alluvial soil/aug_0_6696.jpg,0,Alluvial soil,train,845481c975e1f816d049ad71356fe363,cd326d154bbc155a,118,yes,yes,included_in_cv
train/Alluvial soil/aug_0_7025.jpg,0,Alluvial soil,train,a0866a1a0830d5c2dc63f259dc5e9953,c639988dcdf2305e,119,yes,yes,included_in_cv
train/Alluvial soil/aug_0_7126.jpg,0,Alluvial soil,train,8efb96de71b2278678e829caef29739a,b6da5d71f184214e,120,yes,yes,included_in_cv
train/Alluvial soil/aug_0_7156.jpg,0,Alluvial soil,train,0d9ec69b4d97681fc2bce5e9f4b6b2b4,c334739e196418fe,121,yes,yes,included_in_cv
train/Alluvial soil/aug_0_716.jpg,0,Alluvial soil,train,4aeaa18053ab7db770b5857c09d0a5f1,e18c1732dce435e3,122,yes,yes,included_in_cv
train/Alluvial soil/aug_0_7221.jpg,0,Alluvial soil,train,017a0a90e7a3241ce9244cfc268472c4,8976316c433ce1bd,123,yes,yes,included_in_cv
train/Alluvial soil/aug_0_7303.jpg,0,Alluvial soil,train,a8810e0b6d2b15c5f6d0069e84a8371a,b6699a50376e6394,124,yes,yes,included_in_cv
train/Alluvial soil/aug_0_7539.jpg,0,Alluvial soil,train,9a335c7cea5a014f83a7cd206255e125,8b702758c75525e7,125,yes,yes,included_in_cv
train/Alluvial soil/aug_0_7812.jpg,0,Alluvial soil,train,643c003a1c2ac719b7940db1eed865e9,9ee9265ef18e0a51,126,yes,yes,included_in_cv
train/Alluvial soil/aug_0_8007.jpg,0,Alluvial soil,train,2376314c5604cb929ecefc5e1e60d326,ccb36d16492d90d7,127,yes,yes,included_in_cv
train/Alluvial soil/aug_0_831.jpg,0,Alluvial soil,train,fb38c45c47a62c4fe2c39b49382f4496,9ed026f863c6711d,128,yes,yes,included_in_cv
train/Alluvial soil/aug_0_9172.jpg,0,Alluvial soil,train,24c2127e9c793431696594d75be78139,b66ccbde9020a4cf,129,yes,yes,included_in_cv
train/Alluvial soil/aug_0_9254.jpg,0,Alluvial soil,train,e6d54f048f0bec5f533edeee2053c733,9bce86dc19545173,130,yes,yes,included_in_cv
train/Alluvial soil/aug_0_945.jpg,0,Alluvial soil,train,7f3046cc4e596adb79397d5395edb085,e08e2339cf98dc99,131,yes,yes,included_in_cv
train/Alluvial soil/aug_0_9885.jpg,0,Alluvial soil,train,c856da14e1036bfa755f3758afbbe84d,8976b16ec31ef214,132,yes,yes,included_in_cv
train/Alluvial soil/desktop_137249cc-6732-40b3-94e1-1381ad82c07f.jpg,0,Alluvial soil,train,c3481d0ca49a35462885d2f573d02ac9,a4d4a9752b5e8d8a,133,yes,yes,included_in_cv
train/Alluvial soil/different-soil-types-are-found-in-different-states-of-the-country-1743087089.jpg,0,Alluvial soil,train,519d58547f9b38b240e769951103cfab,fa86688771cd30cb,134,yes,yes,included_in_cv
train/Alluvial soil/echinochloa-barnyard-sprout-has-grown-260nw-1759820435.jpg,0,Alluvial soil,train,73675b0bdda1ec9e8a506a109fb95c7e,beb4be34ec68c844,135,yes,yes,included_in_cv
train/Alluvial soil/fossilized-concretions-alluvial-sand-soil-260nw-1205780284.jpg,0,Alluvial soil,train,894fe93a85551dd450a9cf42631a4ab5,d93df34aa4d0864e,136,yes,yes,included_in_cv
train/Alluvial soil/image.jpeg,0,Alluvial soil,train,4c0b1ae1c03bf87bed6039910db3132d,de9a1e1a1e1e1e1a,137,yes,yes,included_in_cv
train/Alluvial soil/image2 (2).jpeg,0,Alluvial soil,train,7fb4ea1c78b24c36351e37842856f880,a771a6011acd7cae,54,no,yes,included_in_cv
train/Alluvial soil/image3 (2).jpeg,0,Alluvial soil,train,808cda81aede946bb05899e48bf744dd,83fe015dd7a462c3,58,no,yes,included_in_cv
train/Alluvial soil/image6 (2).jpeg,0,Alluvial soil,train,c61285f9282990e0068bbecda6d1c541,c18789f6f0f076b0,59,no,yes,included_in_cv
train/Alluvial soil/images105.jpg,0,Alluvial soil,train,a779c0c68824cbb4de58d68d24d42220,80ff229ac1e4d7a9,138,yes,yes,included_in_cv
train/Alluvial soil/images19 (2).jpg,0,Alluvial soil,train,f6cb72eb61149e9f90dfcbf02844f889,d32101cfee763632,139,yes,yes,included_in_cv
train/Alluvial soil/images21.jpg,0,Alluvial soil,train,ed744a5b3f8cb2bdf01e26108db0d533,f4eb093b0ac90d76,140,yes,no,excluded_cross_class_duplicate_conflict
train/Alluvial soil/images77 (2).jpg,0,Alluvial soil,train,ef89519545056a3d74983724fded3845,d9f8f098d118d959,141,yes,yes,included_in_cv
train/Alluvial soil/images93.jpg,0,Alluvial soil,train,0de164dcd2a69c4037de43d803e74606,961dc053e96a8d5d,56,no,yes,included_in_cv
train/Alluvial soil/images97.jpg,0,Alluvial soil,train,f0ff1a4403b0a025ba76daf907a8a260,ae2ee8f8d0558dc4,142,yes,yes,included_in_cv
train/Alluvial soil/india-agricultural-country-different-soil-260nw-1743087089.jpg,0,Alluvial soil,train,199c630ecb00234fb5fc335b2b0457be,e912ac5fb05ca65a,143,yes,yes,included_in_cv
train/Alluvial soil/india-agricultural-country-different-soil-600w-1743086732.jpg,0,Alluvial soil,train,9eeed5beddf153dc3ec7703591690280,ed1be718f50aa154,144,yes,yes,included_in_cv
train/Alluvial soil/india-agricultural-country-different-soil-600w-1743087089.jpg,0,Alluvial soil,train,9c79baf5d890293066786cca82f563a2,e912ec13b45da65a,145,yes,yes,included_in_cv
train/Alluvial soil/maxresdefault3.jpg,0,Alluvial soil,train,d8578121951cfcb7d0a93770947b6644,93c4f447d7692326,146,yes,yes,included_in_cv
train/Alluvial soil/natural-silty-soil-background-brown-260nw-184759979.jpg,0,Alluvial soil,train,f9f28e97153b568ebd60abee32810f0c,f407a74bb272914d,147,yes,yes,included_in_cv
train/Alluvial soil/natural-silty-soil-background-brown-260nw-234187528.jpg,0,Alluvial soil,train,9921779c71dd55976211138c749df445,c51bb81fa648bd16,148,yes,yes,included_in_cv
train/Alluvial soil/natural-silty-soil-background-brown-600w-184759979.jpg,0,Alluvial soil,train,a04a30bfef98ae52d9bdb446322844b8,f407874bb672854d,147,no,yes,included_in_cv
train/Alluvial soil/natural-silty-soil-background-brown-600w-234187528.jpg,0,Alluvial soil,train,0004b61e4adfc5f639fb1e54bd8d9557,c51bb29fe2489517,149,yes,yes,included_in_cv
train/Alluvial soil/natural-silty-soil-background-gray-260nw-184758788.jpg,0,Alluvial soil,train,68a51af9c166c11095cf2413da0625f7,cc06b942b84fbf52,150,yes,yes,included_in_cv
train/Alluvial soil/natural-silty-soil-background-gray-600w-184758788.jpg,0,Alluvial soil,train,ccb8eee53923053b8abbc8f26b6a0397,c4069f48b41f9f5a,151,yes,yes,included_in_cv
train/Alluvial soil/photo_2022-06-01_07-04-38.jpg,0,Alluvial soil,train,84aeefbbe10e541bd8e5b51f4391d610,c368d3b9e94ae816,38,no,yes,included_in_cv
train/Alluvial soil/photo_2022-06-01_07-04-46.jpg,0,Alluvial soil,train,5979947ed31b499fcf778e2a1805f982,9423c658abd35aae,36,no,yes,included_in_cv
train/Alluvial soil/photo_2022-06-01_07-05-32.jpg,0,Alluvial soil,train,b4cb0a93379339d54651a9a5fd32ac6e,9a679c0d35e6c22d,37,no,yes,included_in_cv
train/Alluvial soil/photo_2022-06-01_07-05-40.jpg,0,Alluvial soil,train,07556321e435fd4de521b26b32b1461e,c368d3b9e94ae816,38,no,yes,included_in_cv
train/Alluvial soil/photo_2022-06-01_07-05-44.jpg,0,Alluvial soil,train,141576f2c98aadf25d04a4905b179f9d,9a679c0d35e6c22d,37,no,yes,included_in_cv
train/Alluvial soil/photo_2022-06-01_07-05-48.jpg,0,Alluvial soil,train,a3e5661f1720c11046a000d9ef602220,c768d3b9e14ae816,38,no,yes,included_in_cv
train/Alluvial soil/photo_2022-06-01_07-05-52.jpg,0,Alluvial soil,train,c715e561e52a79166d705f0879dbc693,c768d3b9e14af016,38,no,yes,included_in_cv
train/Alluvial soil/photo_2022-06-01_07-05-56.jpg,0,Alluvial soil,train,40287a7e0dab72149834bd26512b2ad7,9a679c0d35e6c22d,37,no,yes,included_in_cv
train/Alluvial soil/photo_2022-06-01_07-06-00.jpg,0,Alluvial soil,train,a9fcd5acffc78acf75993dd7749d8d6a,cf68d3b9e94aa016,38,no,yes,included_in_cv
train/Alluvial soil/photo_2022-06-01_07-06-04.jpg,0,Alluvial soil,train,43d85396c43d676704f6b704037c91db,c768d3b9e14af016,38,no,yes,included_in_cv
train/Alluvial soil/photo_2022-06-01_07-06-11.jpg,0,Alluvial soil,train,250a5611ffd97d99fb2d94fc5316f903,9a679c0d35e6c22d,37,no,yes,included_in_cv
train/Alluvial soil/photo_2022-06-01_07-06-15.jpg,0,Alluvial soil,train,b25c7388c190c9ce4d0efc9b21640508,9a679c0d35e6c22d,37,no,yes,included_in_cv
train/Alluvial soil/photo_2022-06-01_07-06-23.jpg,0,Alluvial soil,train,edcc04a86e21694c02d2fba0c6351335,9423c658a3d75aae,36,no,yes,included_in_cv
train/Alluvial soil/photo_2022-06-01_07-06-27.jpg,0,Alluvial soil,train,24e6a62b0406d3cd36cf64b671c3114a,c5537db51535850d,28,no,yes,included_in_cv
train/Alluvial soil/photo_2022-06-01_07-06-30.jpg,0,Alluvial soil,train,d5088f806b97e8c7cc39e334cd96bb4f,8a779c0d35e2c23d,37,no,yes,included_in_cv
train/Alluvial soil/photo_2022-06-01_07-06-33.jpg,0,Alluvial soil,train,b16a8f1a3f5c0dfb9ebc19c488954396,c83479b27f3c2453,27,no,yes,included_in_cv
train/Alluvial soil/photo_2022-06-01_07-06-45.jpg,0,Alluvial soil,train,3881bec4476d0e12fffe2b388fe0102c,c5517db51535c44d,28,no,yes,included_in_cv
train/Alluvial soil/photo_2022-06-01_07-06-48.jpg,0,Alluvial soil,train,d3cc4af4572b87354fdfc74fc8e66c88,9423c65ca3d35aae,36,no,yes,included_in_cv
train/Alluvial soil/photo_2022-06-01_07-06-52.jpg,0,Alluvial soil,train,25b124509b9b94d44d5da1b0fa34e3c2,d28cf2eceb405179,35,no,yes,included_in_cv
train/Alluvial soil/photo_2022-06-01_07-06-57.jpg,0,Alluvial soil,train,36a2108392c065167f1fc85785561dc2,d28cf2eceb405179,35,no,yes,included_in_cv
train/Alluvial soil/photo_2022-06-01_07-07-00.jpg,0,Alluvial soil,train,b21b1dd7bf10149293c7dfc82989c7c3,c551f5b51515c54d,28,no,yes,included_in_cv
train/Alluvial soil/photo_2022-06-01_07-07-04.jpg,0,Alluvial soil,train,7b4d60d0f2bc7e49ec3c1a4e6b6daef6,d384b2ece940477d,34,no,yes,included_in_cv
train/Alluvial soil/photo_2022-06-01_07-07-08.jpg,0,Alluvial soil,train,6f551d1c38844dbab7c838e30483d793,d384b2ece940477d,34,no,yes,included_in_cv
train/Alluvial soil/photo_2022-06-01_07-07-15.jpg,0,Alluvial soil,train,dbecce06afbce4c3dd9be26e0cf7a13b,d38cb0ece940477d,34,no,yes,included_in_cv
train/Alluvial soil/photo_2022-06-01_07-07-20.jpg,0,Alluvial soil,train,99f26013bfe888446d8e6eea2b4c11b6,d384b2ece940477d,34,no,yes,included_in_cv
train/Alluvial soil/photo_2022-06-01_07-07-37.jpg,0,Alluvial soil,train,3f3035816891464429d063559bb641e3,d384b1eca9e081fd,33,no,yes,included_in_cv
train/Alluvial soil/photo_2022-06-01_07-07-45.jpg,0,Alluvial soil,train,3abc71b6fbfaa8478fee4cfd9334aa2b,d384b1eca9c085fd,33,no,yes,included_in_cv
train/Alluvial soil/photo_2022-06-01_07-07-48.jpg,0,Alluvial soil,train,dca8fe9d035c1b23d0dff8371166c52a,d384b1eca9c085fd,33,no,yes,included_in_cv
train/Alluvial soil/photo_2022-06-01_07-07-52.jpg,0,Alluvial soil,train,00b7b7a717dd0e300c1da3fc811e177d,d384b1eca9c085fd,33,no,yes,included_in_cv
train/Alluvial soil/photo_2022-06-01_07-07-56.jpg,0,Alluvial soil,train,88a0adb24ef46fd5e9a557ec234ebac6,d384b1cca9c285fd,33,no,yes,included_in_cv
train/Alluvial soil/photo_2022-06-01_07-08-00.jpg,0,Alluvial soil,train,7a25397b9b8b6f4b5ca0c1f2346b707e,c14cfdb41168bea5,32,no,yes,included_in_cv
train/Alluvial soil/photo_2022-06-01_07-08-03.jpg,0,Alluvial soil,train,b80ecfe4d2ecad16be71d96a63f7c524,c15cfdb40168be65,32,no,yes,included_in_cv
train/Alluvial soil/photo_2022-06-01_07-08-18.jpg,0,Alluvial soil,train,d8d6cbb2e97e3df53971b00263e0f833,c15cfcb44968b665,32,no,yes,included_in_cv
train/Alluvial soil/photo_2022-06-01_07-08-26.jpg,0,Alluvial soil,train,fd4d88696eecf9292ea2ab34d90f9816,c96cfc9248a4f547,30,no,yes,included_in_cv
train/Alluvial soil/photo_2022-06-01_07-08-33.jpg,0,Alluvial soil,train,3ab37254855f841b60726cc164460995,c834f9a2fe3c2453,27,no,yes,included_in_cv
train/Alluvial soil/photo_2022-06-01_07-08-36.jpg,0,Alluvial soil,train,45c13a99e0ee1940ef0c42b1516123d5,c814d8e2ff38acc3,27,no,yes,included_in_cv
train/Alluvial soil/photo_2022-06-01_07-08-40.jpg,0,Alluvial soil,train,70385dcaa1fedaad8a552bd26e653b2d,c16cfc9248b4f547,30,no,yes,included_in_cv
train/Alluvial soil/photo_2022-06-01_07-08-43.jpg,0,Alluvial soil,train,9b12097f2ab43d0a83f5ae3850112bf5,c16cfc9248b4f547,30,no,yes,included_in_cv
train/Alluvial soil/photo_2022-06-01_07-08-46.jpg,0,Alluvial soil,train,fa176b519946066478468c810afedec5,c55a7d341535b50d,31,no,yes,included_in_cv
train/Alluvial soil/photo_2022-06-01_07-08-50.jpg,0,Alluvial soil,train,6286f7b9de24facdbe3d4165c0897df9,c148fc9248b5fc5e,30,no,yes,included_in_cv
train/Alluvial soil/photo_2022-06-01_07-08-54.jpg,0,Alluvial soil,train,a33f37537add05dd27bd3a40b88d1810,cd56c8e0ff38a4c1,64,no,yes,included_in_cv
train/Alluvial soil/photo_2022-06-01_07-08-57.jpg,0,Alluvial soil,train,a4defa725436ac470c1416b89e52fba3,c148fc9248b4f55f,30,no,yes,included_in_cv
train/Alluvial soil/photo_2022-06-01_07-09-04.jpg,0,Alluvial soil,train,cb9e46cb92eff817ab9321363aa9a7cf,c16cfc9248b4f547,30,no,yes,included_in_cv
train/Alluvial soil/photo_2022-06-01_07-09-07.jpg,0,Alluvial soil,train,04bed607582eb0d2aec314d3b99649d4,c148fc9241a5fe5e,30,no,yes,included_in_cv
train/Alluvial soil/photo_2022-06-01_07-09-11.jpg,0,Alluvial soil,train,cd2e99eda29259bd81008064fc37f307,c148fc9241a5fe7a,30,no,yes,included_in_cv
train/Alluvial soil/photo_2022-06-01_07-09-14.jpg,0,Alluvial soil,train,3b46aeaf1625ecd744e86ba4ffe0c6a4,c168fcd201a57a7e,29,no,yes,included_in_cv
train/Alluvial soil/photo_2022-06-01_07-09-20.jpg,0,Alluvial soil,train,1b9e6d9cdea4a58f2b48773e0998d550,c816d8e2df38acc3,27,no,yes,included_in_cv
train/Alluvial soil/photo_2022-06-01_07-09-23.jpg,0,Alluvial soil,train,d193bb0975410541ee1ddd0637c7c27f,c551f5951515c55d,28,no,yes,included_in_cv
train/Alluvial soil/photo_2022-06-01_07-09-27.jpg,0,Alluvial soil,train,3577ccca0989655c9c122df6600e90dc,c83479b27f3c2453,27,no,yes,included_in_cv
train/Alluvial soil/photo_2022-06-01_07-09-31.jpg,0,Alluvial soil,train,6d9d61add599d6003f6e51691a36955a,c814d8e2de3dacc3,27,no,yes,included_in_cv
train/Alluvial soil/photo_2022-06-01_07-09-35.jpg,0,Alluvial soil,train,67ea91e6efcc55c37e78320b4eb81c68,c814f9a2fe3c2c53,27,no,yes,included_in_cv
train/Alluvial soil/photo_2022-06-01_07-09-42.jpg,0,Alluvial soil,train,18ae76860bfac6f911ab2598022db781,c83479b27f3c2453,27,no,yes,included_in_cv
train/Alluvial soil/photo_2022-06-01_07-09-46.jpg,0,Alluvial soil,train,67adf3928788ebc62887a5c171aa3b38,c83479b27e3d2453,27,no,yes,included_in_cv
train/Alluvial soil/photo_2022-06-01_07-09-49.jpg,0,Alluvial soil,train,8be607483754462c93089dd07bbd0db2,c83479727e3c6453,27,no,yes,included_in_cv
train/Alluvial soil/photo_2022-06-01_07-09-58.jpg,0,Alluvial soil,train,56cedcaa9346945755b5b25fbf6a7560,c551f5951515c55d,28,no,yes,included_in_cv
train/Alluvial soil/photo_2022-06-01_07-10-02.jpg,0,Alluvial soil,train,629b1f2b76c90d8081a37fd2c94ca16c,c5517db51535854d,28,no,yes,included_in_cv
train/Alluvial soil/photo_2022-06-01_07-10-05.jpg,0,Alluvial soil,train,fbae27d16db6317b234d17ac24ffc731,c551f5951515c55d,28,no,yes,included_in_cv
train/Alluvial soil/photo_2022-06-01_07-10-09.jpg,0,Alluvial soil,train,3f378c55ec1b0b31e95970a3466bc1cc,c551f5951515c55d,28,no,yes,included_in_cv
train/Alluvial soil/photo_2022-06-01_07-10-12.jpg,0,Alluvial soil,train,bab9031a74545b70db776b96e03b6eab,c834f9a27f3c2453,27,no,yes,included_in_cv
train/Alluvial soil/photo_2022-06-01_07-10-15.jpg,0,Alluvial soil,train,33712246f9966333ead1e69324a2ee1c,c814d8a2fe3d2cd3,27,no,yes,included_in_cv
train/Alluvial soil/photo_2022-06-01_07-10-21.jpg,0,Alluvial soil,train,9eaabb84907dd4a571d8e69132a2ab13,cc56c8e2ff38a4c1,64,no,yes,included_in_cv
train/Alluvial soil/photo_2022-06-01_07-10-24.jpg,0,Alluvial soil,train,496163c7c9677074533aac8092b096d5,c816d9e2de38acc3,27,no,yes,included_in_cv
train/Alluvial soil/photo_2022-06-01_07-10-28.jpg,0,Alluvial soil,train,302320a7b7423e8ab662781f11f5cd0c,c814f9a2fe3c2c53,27,no,yes,included_in_cv
train/Alluvial soil/plowing-completed-after-completion-annual-260nw-1731441091.jpg,0,Alluvial soil,train,8cf3cfeb97775aae0fe109fdd4407962,f1cdb0a2e852ec72,152,yes,yes,included_in_cv
train/Alluvial soil/regular-alluvium-soil-structures-on-260nw-595009385.jpg,0,Alluvial soil,train,24410273160c29ace53aaf2a7aa6614e,804ef61df70af609,153,yes,yes,included_in_cv
train/Andosol/andosol-001.jpg,1,Andosol,train,a53a7a4978ce8d486786ecc0f4f304df,857e7fb3487254a0,154,yes,yes,included_in_cv
train/Andosol/andosol-005.jpg,1,Andosol,train,72202fc363644d63459abc0e0b8b8e01,c67d72010a6b1fb3,155,yes,yes,included_in_cv
train/Andosol/andosol-007.jpg,1,Andosol,train,f909f2cc9136a9618eb936c44313089a,d3253c385e052fce,156,yes,yes,included_in_cv
train/Andosol/andosol-010.jpg,1,Andosol,train,703c7fb44bf5919f7d1a9e58bee52de3,852c6e469b992ecd,157,yes,yes,included_in_cv
train/Andosol/andosol-012.jpg,1,Andosol,train,ce83dc89b079f27fab1c77fab9545a5e,e8de2bc034d05fb2,158,yes,yes,included_in_cv
train/Andosol/andosol-015.jpg,1,Andosol,train,054e3f381e85d75ae1b87c162f683334,8e6b21324f87c6b9,159,yes,yes,included_in_cv
train/Andosol/andosol-018.jpg,1,Andosol,train,58163f0d8508748132e1d9431f87c765,b53366e4f4b8a82c,160,yes,yes,included_in_cv
train/Andosol/andosol-019.jpg,1,Andosol,train,340a29ac2f7353c0eb68b283c319850e,c525ad87878c5c37,161,yes,yes,included_in_cv
train/Andosol/andosol-021.jpg,1,Andosol,train,e5de48cea9238354f260b9c39eddd7d6,e53d1649a4267a9e,162,yes,yes,included_in_cv
train/Andosol/andosol-023.jpg,1,Andosol,train,c4475f52c6ff000b2767b2046bbfcbff,a58dd58af40ad65a,163,yes,yes,included_in_cv
train/Andosol/andosol-024.jpg,1,Andosol,train,e5234a772c39b118460e52c0602aa982,eff6e5d0a08a24a3,164,yes,yes,included_in_cv
train/Andosol/andosol-025.jpg,1,Andosol,train,921f2bedb02d8ad5f64c4acf2ec10425,fe25ad5d50b02275,165,yes,yes,included_in_cv
train/Andosol/andosol-026.jpg,1,Andosol,train,dae468eff845da00ee2761bea8fdf472,93b10ae0ec85edcb,166,yes,yes,included_in_cv
train/Andosol/andosol-027.jpg,1,Andosol,train,7ce939252c66e1aaed8993a19e66930d,c68db38ed8d49931,167,yes,yes,included_in_cv
train/Andosol/andosol-029.jpg,1,Andosol,train,8dfce2e7d9e5157ae754ff27cec7d508,b979b370c1224737,168,yes,yes,included_in_cv
train/Andosol/andosol-031.jpg,1,Andosol,train,8476ea8b6112029923fb22ea2a8b803b,d563344e8163bc1f,169,yes,yes,included_in_cv
train/Andosol/andosol-034.jpg,1,Andosol,train,82b02a27fbe7f837f92bfd167a6091e3,d87a27cdb25b2d20,170,yes,yes,included_in_cv
train/Andosol/andosol-035.jpg,1,Andosol,train,0de95fac48042638a228f8df6632837c,f22b4a7cc7e1185a,171,yes,yes,included_in_cv
train/Andosol/andosol-037.jpg,1,Andosol,train,006bf4fded9f5d756e67ffaeb7f6015f,9fc69c97b0e72901,172,yes,yes,included_in_cv
train/Andosol/andosol-038.jpg,1,Andosol,train,324c0d6d7e7ef4f86263d394f4fbe139,9b3d51583ae8c707,173,yes,yes,included_in_cv
train/Andosol/andosol-039.jpg,1,Andosol,train,788da9a850bb93a369ed7dc75775728a,e39f1893604f9f30,174,yes,yes,included_in_cv
train/Andosol/andosol-042.jpg,1,Andosol,train,6562c5f0ee92179c49ef0637cbcd8815,bedaa9b2504f228e,175,yes,yes,included_in_cv
train/Andosol/andosol-043.jpg,1,Andosol,train,01c18a0b7f1e4e1a32ed6eb86a70cc93,d0d52a551fd5ab0a,176,yes,yes,included_in_cv
train/Andosol/andosol-044.jpg,1,Andosol,train,271d08f894b037434f17e63996f18500,d02a2aae0f2b8bf5,177,yes,yes,included_in_cv
train/Andosol/andosol-045.jpg,1,Andosol,train,1f7557e7a7593a51ff1c4561e12299a5,85c07f045a81fe5f,178,yes,yes,included_in_cv
train/Andosol/andosol-046.jpg,1,Andosol,train,bbe788838807ef900e99742838242d6c,d846d51d22101fff,179,yes,yes,included_in_cv
train/Andosol/andosol-048.jpg,1,Andosol,train,ac694d948a634d7299000ac2efa60e3e,8d1381487f555bea,180,yes,yes,included_in_cv
train/Andosol/andosol-050.jpg,1,Andosol,train,b596739927311d0ad7d7fcb5a0b7dbf1,932827545f3e4ae6,181,yes,yes,included_in_cv
train/Andosol/andosol-051.jpg,1,Andosol,train,eeac4b8c949c9e86eca9c57ef1161b75,c68272fe0a947f4c,182,yes,yes,included_in_cv
train/Andosol/andosol-054.jpg,1,Andosol,train,77032794338a00e0fb80cd3a6b2a1722,8671697d0f505a9b,183,yes,yes,included_in_cv
train/Andosol/andosol-056.jpg,1,Andosol,train,8476e58e98109b2ca9a4c461ac2861e3,9279050c57f7d50b,184,yes,yes,included_in_cv
train/Andosol/andosol-057.jpg,1,Andosol,train,7c281f50ffd119b7ac8e35f8ba58e8ae,c7d355a6065dc1a3,185,yes,yes,included_in_cv
train/Andosol/andosol-058.jpg,1,Andosol,train,abe807df50efee07033657822cdfb703,d08633ecce317366,186,yes,yes,included_in_cv
train/Andosol/andosol-059.jpg,1,Andosol,train,ce7e41c586f33684854b0cf0b6704dde,d0593f13cec47398,187,yes,yes,included_in_cv
train/Andosol/andosol-060.jpg,1,Andosol,train,9569843318c3c5a27499d6c5592e8a53,85f36ab99b662232,188,yes,yes,included_in_cv
train/Andosol/andosol-062.jpg,1,Andosol,train,2021ba6560a45e5a3ec86fb3dfe13a8a,bd8b749561950e47,189,yes,yes,included_in_cv
train/Andosol/andosol-063.jpg,1,Andosol,train,46bde5be1f59fecb8df1bc0036b2ac95,e821213f342f5bcd,190,yes,yes,included_in_cv
train/Andosol/andosol-066.jpg,1,Andosol,train,0ed3f826c638ef374c92ff2f9d91f2c8,b0bc59873648be53,191,yes,yes,included_in_cv
train/Andosol/andosol-068.jpg,1,Andosol,train,8fdd27a3aedaf6849e22b4f0e1c8a9f0,db3e64671ad093c8,192,yes,yes,included_in_cv
train/Andosol/andosol-069.jpg,1,Andosol,train,bb529d4f1248ac0fedf55624de8e83af,8e9421cd4f7ac647,193,yes,yes,included_in_cv
train/Andosol/andosol-070.jpg,1,Andosol,train,b457041a72603ee1f66a4a7ed0cf9679,879175fd3e478068,194,yes,yes,included_in_cv
train/Andosol/andosol-071.jpg,1,Andosol,train,fea0df305f99ad6d8bffea998e96f59f,876e55122efc809f,195,yes,yes,included_in_cv
train/Andosol/andosol-072.jpg,1,Andosol,train,e0b874e131ba33dcf182b0e1854906e3,d2c410b87b56d53d,196,yes,yes,included_in_cv
train/Andosol/andosol-073.jpg,1,Andosol,train,73a847a1158fd9fa03f678de20c4b8e6,ddb8523eac61d605,197,yes,yes,included_in_cv
train/Andosol/andosol-075.jpg,1,Andosol,train,68803a77ef114217c86877b00d318bf7,88ed076bf9358358,198,yes,yes,included_in_cv
train/Andosol/andosol-076.jpg,1,Andosol,train,9d39eda8477b8d0d9d3d3b4102e40c48,e0993b4ea11afd86,199,yes,yes,included_in_cv
train/Andosol/andosol-077.jpg,1,Andosol,train,a1e37c0d846d78d884522abc1dc75089,e04633b1a1e4fd78,200,yes,yes,included_in_cv
train/Andosol/andosol-078.jpg,1,Andosol,train,b7996d5c559b6d8c9836529be90972ff,b5cc661be447a8d2,201,yes,yes,included_in_cv
train/Andosol/andosol-079.jpg,1,Andosol,train,a9362e90c6dbb7159122dbc43bf4ab55,908ff82dd236499d,202,yes,yes,included_in_cv
train/Andosol/andosol-081.jpg,1,Andosol,train,70f2b62c15a526df2876191a848b4be1,c5daad7887631cc8,203,yes,yes,included_in_cv
train/Andosol/andosol-082.jpg,1,Andosol,train,314b2f5b3ccfa3e25e21df83da77d710,9fa560c63fb06a2a,204,yes,yes,included_in_cv
train/Andosol/andosol-083.jpg,1,Andosol,train,9229efe82037d6f78bd17c6f00784a16,9f4a60393f4f2295,205,yes,yes,included_in_cv
train/Andosol/andosol-085.jpg,1,Andosol,train,93ad897bbc0ed8a6dbcc93172f0db2ea,b09753e3d18c2f34,206,yes,yes,included_in_cv
train/Andosol/andosol-086.jpg,1,Andosol,train,cc64b40dae408c0e77e008109b47159b,b068531cd1732fcb,207,yes,yes,included_in_cv
train/Andosol/andosol-087.jpg,1,Andosol,train,e26756211800dc6bf326de6c68ebf01c,e5c306b684d97a65,208,yes,yes,included_in_cv
train/Andosol/andosol-088.jpg,1,Andosol,train,bcdd59f1da115553d090eeb0a28e3860,9daf7bd8cc058192,209,yes,yes,included_in_cv
train/Andosol/andosol-090.jpg,1,Andosol,train,93f7c3c17858a7e14741dc460abe0cc7,c8fa2e8d9950d4c7,210,yes,yes,included_in_cv
train/Andosol/andosol-092.jpg,1,Andosol,train,6a45f56deb18c10dc7d142cca6e48c39,f0d888dea15f830f,211,yes,yes,included_in_cv
train/Andosol/andosol-097.jpg,1,Andosol,train,9fb80e3ee53ed2668ff296f073804b19,e4d76c6153e54386,212,yes,yes,included_in_cv
train/Andosol/andosol-098.jpg,1,Andosol,train,31d24cef5d811260abb20dd84a35911b,e4286c9e73125b79,213,yes,yes,included_in_cv
train/Andosol/andosol-099.jpg,1,Andosol,train,de22adb74ab80e3659ea1612586ddc4e,b18239bc26b81ef3,214,yes,yes,included_in_cv
train/Andosol/andosol-100.jpg,1,Andosol,train,7cff2e0420cb440a0759701a87aa1813,d18a15db3807bfd0,215,yes,yes,included_in_cv
train/Andosol/andosol-101.jpg,1,Andosol,train,727486c8291fe30c27d6e7a18aedf6a6,d171152038f8bf2f,216,yes,yes,included_in_cv
train/Andosol/andosol-102.jpg,1,Andosol,train,74c28deec9b64dd1cf89376143d15fbf,84df40ce6f52ea85,217,yes,yes,included_in_cv
train/Andosol/andosol-103.jpg,1,Andosol,train,81c11c7ca409351e7cb9ae9d116fb0cb,fc3a3b8ec6e33028,218,yes,yes,included_in_cv
train/Andosol/andosol-105.jpg,1,Andosol,train,c4df2d44adbc7822f0a49f4a6a06674c,a86b6ada92b66455,219,yes,yes,included_in_cv
train/Andosol/andosol-109.jpg,1,Andosol,train,2b8f5389a4667730c11efe718ffdbde2,9327e6248d76cc99,220,yes,yes,included_in_cv
train/Black soil/1.jpg,2,Black soil,train,2996da37d4a993d142732289cea34427,aa7bb58190ab92d6,221,yes,yes,included_in_cv
train/Black soil/10.jpg,2,Black soil,train,62963b935e359b230dc710c17317aa22,a0df9602abd2ba47,222,yes,yes,included_in_cv
train/Black soil/11.jpg,2,Black soil,train,3eb4ac5c0a1691a5bb7d33516e363030,b7ce7ab5e0785880,223,yes,yes,included_in_cv
train/Black soil/13.jpg,2,Black soil,train,2a2ebf06e37682191cea4ff81da053ee,d5909530fda1b7c4,224,yes,yes,included_in_cv
train/Black soil/15.jpg,2,Black soil,train,0856ebb82142e72efc9b47921b8e9f7d,c53ff023cf08b994,225,yes,yes,included_in_cv
train/Black soil/16.jpg,2,Black soil,train,81c0164f0681fd35a2b924999be6d683,d3c73c3a0965c3a5,226,yes,yes,included_in_cv
train/Black soil/19.jpg,2,Black soil,train,0e435e560e1c45eb29e7e3f06635f1c5,feada4bc84b0c6e0,227,yes,yes,included_in_cv
train/Black soil/2.jpg,2,Black soil,train,6261875f00bab4fefb44bdbc0b820706,d70d0a0719df7a0b,228,yes,yes,included_in_cv
train/Black soil/20.jpg,2,Black soil,train,3ee752967445c7016b109f014093db37,c3c3cb9238b393c3,229,yes,yes,included_in_cv
train/Black soil/21.jpg,2,Black soil,train,aeb664018ea32a687059af54f8979ed9,cd9a95eed5251ac0,230,yes,yes,included_in_cv
train/Black soil/22.jpg,2,Black soil,train,91cfc13190d5295213cb8bfc4cef2261,ca9b336c439618bb,231,yes,yes,included_in_cv
train/Black soil/23.jpg,2,Black soil,train,8fe77faeef6a7e3c407ba0e91c046475,d1a9a470c9dce1ec,232,yes,yes,included_in_cv
train/Black soil/24.jpg,2,Black soil,train,ff4d3920adeb993e119b379f4c104299,a1a0e081859fdfdb,233,yes,yes,included_in_cv
train/Black soil/25.jpg,2,Black soil,train,19648180e521ed8ccdc000ae5bee61ad,95b530a495d796b1,234,yes,yes,included_in_cv
train/Black soil/26.jpg,2,Black soil,train,d8b9d3220d8034cec91bc28bf838af9b,e2eadca157e52306,235,yes,yes,included_in_cv
train/Black soil/29.jpg,2,Black soil,train,2093264576ac12ba9d58782a5065eed4,87eb0f6039f66231,236,yes,yes,included_in_cv
train/Black soil/3.jpg,2,Black soil,train,fdffa9709f7421b852bbb32e2affa41b,e92a6a666b3512e9,237,yes,yes,included_in_cv
train/Black soil/30.jpg,2,Black soil,train,03b4fe1505828b5e2f565185fea60a7e,84dbc3c066dd98dc,238,yes,yes,included_in_cv
train/Black soil/31.jpg,2,Black soil,train,73e675498d0b3402e23ba11483212d9b,80d6385e5bd039db,239,yes,yes,included_in_cv
train/Black soil/32.jpg,2,Black soil,train,d647b308c3edb3fd8bcb830a1caf67de,90c31db8ffa61459,240,yes,yes,included_in_cv
train/Black soil/35.jpg,2,Black soil,train,17b4e3a0b712e480d1b04e6c959c08d0,91221afa3e697d54,241,yes,yes,included_in_cv
train/Black soil/36.jpg,2,Black soil,train,4e8d358f43a15bb56d53caf830d86542,d3283f583615fd30,242,yes,yes,included_in_cv
train/Black soil/38.jpg,2,Black soil,train,07653e5499be9d2f121edeb6efd4d485,d2dd4e982deb20a5,243,yes,yes,included_in_cv
train/Black soil/39.jpg,2,Black soil,train,ae36da3cdb5b69589c29b8d8afc6baee,d0b91696363ecc96,244,yes,yes,included_in_cv
train/Black soil/40.jpg,2,Black soil,train,b2cf548b4ca5d5b212ccc7bf70d6470c,c4a76e7943848b6b,245,yes,yes,included_in_cv
train/Black soil/5.jpg,2,Black soil,train,064183c67b3c27b7b4c65c41192993d2,bd78ad030193ce9e,246,yes,yes,included_in_cv
train/Black soil/6.jpg,2,Black soil,train,9730143f2bf3f7eeb1b76a5f66d8ffce,85eb443d1ac361fa,247,yes,yes,included_in_cv
train/Black soil/7.jpg,2,Black soil,train,8c65dd7065c9f480b8813ae4346027e4,92f555a316fb08aa,248,yes,yes,included_in_cv
train/Black soil/8.jpg,2,Black soil,train,b7f0db93d7b688f454c705f33d1fbe33,958b5a1f7ab22552,249,yes,yes,included_in_cv
train/Black soil/9.jpg,2,Black soil,train,95e58193ee11c97cbdce8c99f53c6a57,84bd415e5daa1579,250,yes,yes,included_in_cv
train/Black soil/Black_1.jpg,2,Black soil,train,de4e948ba6e9d82b3b1e11a3ba4029fb,d4b451a86ca96c9f,251,yes,yes,included_in_cv
train/Black soil/Black_10.jpg,2,Black soil,train,4e175465f9d44558ec68b61f57778b4a,dfb0152b31b125f4,252,yes,yes,included_in_cv
train/Black soil/Black_12.jpg,2,Black soil,train,409210e65fcc0412382402d96f5d0111,f31cf911ec00ef1c,253,yes,yes,included_in_cv
train/Black soil/Black_13.jpg,2,Black soil,train,3ea50d69d3816f02bcb783f0855dc27b,c55c3b2e163e5989,254,yes,yes,included_in_cv
train/Black soil/Black_14.jpg,2,Black soil,train,08dfe9f7f5d2f84d6ccb16a3dddb4123,ddf26498fd096aa0,255,yes,yes,included_in_cv
train/Black soil/Black_15.jpg,2,Black soil,train,caec149c460d8d27e16ad0edd46e4363,d1946f01ef1cf514,256,yes,yes,included_in_cv
train/Black soil/Black_16.jpg,2,Black soil,train,2ed43102d1bb7500995a274ad73cc9fd,aac935ea2ca346ad,257,yes,yes,included_in_cv
train/Black soil/Black_19.jpg,2,Black soil,train,4f704d68e9a53049d15528979d2218f1,c5e638bc518bcb51,258,yes,yes,included_in_cv
train/Black soil/Black_2.jpg,2,Black soil,train,e20ab1ffab70181ab96969e9714488c3,c870e607e348b57e,259,yes,yes,included_in_cv
train/Black soil/Black_20.jpg,2,Black soil,train,7c1d2587f57f24cad15536762fc0b27f,84cab4ead4a9d6a9,260,yes,yes,included_in_cv
train/Black soil/Black_21.jpg,2,Black soil,train,4b755dba5ef90d0b6e6a10cbde148ac6,83916b986f98f718,261,yes,yes,included_in_cv
train/Black soil/Black_22.jpg,2,Black soil,train,e84fc6e6dc39496588df2833cf6f1c0f,b4cae5c9f68980ec,262,yes,yes,included_in_cv
train/Black soil/Black_23.jpg,2,Black soil,train,d4b66707a2cddebdff5aaa1acd6f5d1c,fe2d0e1bba556051,263,yes,yes,included_in_cv
train/Black soil/Black_24.jpg,2,Black soil,train,80bee78570222c20695dfebb1c96b05c,cedee089b111a576,264,yes,yes,included_in_cv
train/Black soil/Black_26.jpg,2,Black soil,train,bab44fa94eb0856399922f30ea3e5e53,84c37c8f38231ef5,265,yes,yes,included_in_cv
train/Black soil/Black_27.jpg,2,Black soil,train,785ba958acb2abe920b40212e8aa3f7f,8689ab16e813fd4b,266,yes,yes,included_in_cv
train/Black soil/Black_29.jpg,2,Black soil,train,10e1bdea8f3fc39409702de717dc7754,e6e4b899191b7466,267,yes,yes,included_in_cv
train/Black soil/Black_3.jpg,2,Black soil,train,08e93c91b90a4a3218b098e58f7169cf,8458e607a956fd17,268,yes,yes,included_in_cv
train/Black soil/Black_30.jpg,2,Black soil,train,b5661913b5c0d25c1b59ff0761a37f63,8934e441f51ffc4a,269,yes,yes,included_in_cv
train/Black soil/Black_31.jpg,2,Black soil,train,dec7a9e4352a0ae4915983c7dfa3cb06,cbdb738c24e4aaa2,270,yes,yes,included_in_cv
train/Black soil/Black_32.jpg,2,Black soil,train,f01eb9ca367214098576f453d83e18ad,c407ac47e542f673,271,yes,yes,included_in_cv
train/Black soil/Black_33.jpg,2,Black soil,train,6d1a8a416bf6912c6263567eb12d5f0e,c65c2976aa53a353,272,yes,yes,included_in_cv
train/Black soil/Black_34.jpg,2,Black soil,train,53a22cf8227f933938d1d24cd6bf012d,fe0ba07d85e057a2,273,yes,yes,included_in_cv
train/Black soil/Black_36.jpg,2,Black soil,train,199595b4da1a5165237df2d6e6268183,cba33c974e627c06,274,yes,yes,included_in_cv
train/Black soil/Black_37.jpg,2,Black soil,train,4a66da95d388dc17e8c2eb36b8ef80ab,d07b2b966c94384f,275,yes,yes,included_in_cv
train/Black soil/Black_38.jpg,2,Black soil,train,ee263ac596d97ed6e56af0c07fc9c24d,d544ee74a943cb16,276,yes,yes,included_in_cv
train/Black soil/Black_39.jpg,2,Black soil,train,6bb0c715d3d04e7c4ef7b71512e5f683,d4a9baca7a763501,277,yes,yes,included_in_cv
train/Black soil/Black_4.jpg,2,Black soil,train,c02d4fed9e13ec92f8cc113398e28e19,c43146dcb3748cbe,278,yes,yes,included_in_cv
train/Black soil/Black_41.jpg,2,Black soil,train,ffafd60106fe5c4bfa8391ca884a7f81,a159d51cfe06e05e,279,yes,yes,included_in_cv
train/Black soil/Black_42.jpg,2,Black soil,train,4754ee25084509de38e60558f80fbef9,b41af04af04fe64b,280,yes,yes,included_in_cv
train/Black soil/Black_43.jpg,2,Black soil,train,e7643650f519de5ffb050f6f7debafe1,e6d46f00ce157716,281,yes,yes,included_in_cv
train/Black soil/Black_44.jpg,2,Black soil,train,0778c887c5696c9fb2f5e0e8352f2470,fe0ba07d85e057a2,273,no,yes,included_in_cv
train/Black soil/Black_45.jpg,2,Black soil,train,0becf9b135e61addd0c4d177227abf72,ff6007df68912097,282,yes,yes,included_in_cv
train/Black soil/Black_46.jpg,2,Black soil,train,e410a7e8e97c1b127ca83546dd744d84,ef1ce511e40bfb01,283,yes,yes,included_in_cv
train/Black soil/Black_47.jpg,2,Black soil,train,7cf46d7df8eb9b5a2e7a846309aae743,80e6e0eeeae4e9c2,284,yes,yes,included_in_cv
train/Black soil/Black_5.jpg,2,Black soil,train,f7fc8a4ffc597ae93536c29513a4f8be,f286752724734fc1,285,yes,yes,included_in_cv
train/Black soil/Black_6.jpg,2,Black soil,train,53be88cb2c9a482967126002076bf174,e4ecc0add306dcaa,286,yes,yes,included_in_cv
train/Black soil/Black_8.jpg,2,Black soil,train,b7f0db93d7b688f454c705f33d1fbe33,958b5a1f7ab22552,249,no,yes,included_in_cv
train/Black soil/Black_9.jpg,2,Black soil,train,00600abafe1bf3a70e10970b372005b6,83799601f49f2f38,287,yes,yes,included_in_cv
train/Black soil/Black_Soil_ (11).jpg,2,Black soil,train,31e8ce5a2711698187e8598de33cd119,d170926a3376cd56,288,yes,yes,included_in_cv
train/Black soil/Black_Soil_ (12).jpg,2,Black soil,train,9e1ffdb54d1dc27e450b19d08785b8c8,bc803fcc3a9f4741,289,yes,yes,included_in_cv
train/Black soil/Black_Soil_ (13).jpg,2,Black soil,train,30b6bd91973278600da4fd547a6377e2,d2415acb6c54379b,290,yes,yes,included_in_cv
train/Black soil/Black_Soil_ (14).jpg,2,Black soil,train,d8bfc7cdb7d68fc0e56423425c6d1a64,91f94aa53264f64d,291,yes,yes,included_in_cv
train/Black soil/Black_Soil_ (15).jpg,2,Black soil,train,8013c1bc75375708d3874a0a0b4386d7,e8122f797c22057f,292,yes,yes,included_in_cv
train/Black soil/Black_Soil_ (16).jpg,2,Black soil,train,948214bec4a001d95a8587704a755fe3,a740a91b8a5f76ac,293,yes,yes,included_in_cv
train/Black soil/Black_Soil_ (18).jpg,2,Black soil,train,cf4a6d65d6a6ee29601202d1316d8456,f50ab52ad0358df1,294,yes,yes,included_in_cv
train/Black soil/Black_Soil_ (19).jpg,2,Black soil,train,be3e2669103a1ab0452bf72b884979c3,8453f3d89c74a656,295,yes,yes,included_in_cv
train/Black soil/Black_Soil_ (2).jpg,2,Black soil,train,84d0baa14f4aa8494a6380e784374397,910d3bd3063ecec5,296,yes,yes,included_in_cv
train/Black soil/Black_Soil_ (21).jpg,2,Black soil,train,415dd9df58ca1688cf5101765f6b93b0,9831e255a08faf6b,297,yes,yes,included_in_cv
train/Black soil/Black_Soil_ (22).jpg,2,Black soil,train,de6cf880ddb6e6e2997a0e95ac2c705b,96699e386d1b8669,298,yes,yes,included_in_cv
train/Black soil/Black_Soil_ (24).jpg,2,Black soil,train,34bcb3f29e9ed6ffd9e0b7076c6629ad,ab07f116d11e936a,299,yes,yes,included_in_cv
train/Black soil/Black_Soil_ (25).jpg,2,Black soil,train,14764d9940aed4e6b482c04982d113cf,a43c8714dfcaf80b,300,yes,yes,included_in_cv
train/Black soil/Black_Soil_ (27).jpg,2,Black soil,train,745ad7bcda1c3db30dbe8a74de1553b8,866d69905ccf960f,301,yes,yes,included_in_cv
train/Black soil/Black_Soil_ (28).jpg,2,Black soil,train,e958a30ca49b8bbf64dcca7c028157ee,9095a5c99ab2ec3e,302,yes,yes,included_in_cv
train/Black soil/Black_Soil_ (29).jpg,2,Black soil,train,90058f6437549b7c91d350f857537449,dcdcc03164db85d9,303,yes,yes,included_in_cv
train/Black soil/Black_Soil_ (3).jpg,2,Black soil,train,c3b356871375b9ab4a8cb4eaa4bf522f,945be13bc83bc03b,304,yes,yes,included_in_cv
train/Black soil/Black_Soil_ (30).jpg,2,Black soil,train,ccdf82a487dc57b36270bf42cba8d8c7,813ac0bef80fe26e,305,yes,yes,included_in_cv
train/Black soil/Black_Soil_ (31).jpg,2,Black soil,train,aac065fc2291b8d42926119b202e6760,c42acf89967b807b,306,yes,yes,included_in_cv
train/Black soil/Black_Soil_ (32).jpg,2,Black soil,train,a5a3d626e5967949ba001ec64f58e8e7,e2442b5fa5540d7b,307,yes,yes,included_in_cv
train/Black soil/Black_Soil_ (33).jpg,2,Black soil,train,615ec5ff25a72fd0fa07ad56856b94c9,f575c1289c70aea9,308,yes,yes,included_in_cv
train/Black soil/Black_Soil_ (34).jpg,2,Black soil,train,b2cf548b4ca5d5b212ccc7bf70d6470c,c4a76e7943848b6b,245,no,yes,included_in_cv
train/Black soil/Black_Soil_ (35).jpg,2,Black soil,train,30c38f3b204a449818e2c512365fb518,d0b91696363ecc96,244,no,yes,included_in_cv
train/Black soil/Black_Soil_ (36).jpg,2,Black soil,train,57faee704137f892211c8f6c7499ea6e,d2dd4e982deb20a5,243,no,yes,included_in_cv
train/Black soil/Black_Soil_ (37).jpg,2,Black soil,train,fd5c0c555cc9086bca71993cf0d88298,8aa8ccb70ffe0970,309,yes,yes,included_in_cv
train/Black soil/Black_Soil_ (38).jpg,2,Black soil,train,9c8de50e970a571d26d124b40dd414f2,d3283f583615fd30,242,no,yes,included_in_cv
train/Black soil/Black_Soil_ (39).jpg,2,Black soil,train,2533674b2bb365ed7cf09d26257e986d,91221afa3e697d54,241,no,yes,included_in_cv
train/Black soil/Black_Soil_ (4).jpg,2,Black soil,train,37c9c533b6c0be3692ed91b107ed2202,8553433c63d49b3d,310,yes,yes,included_in_cv
train/Black soil/Black_Soil_ (40).jpg,2,Black soil,train,4ade0563921f8bae5be43bb9117b943d,90c31db8ffa61459,240,no,yes,included_in_cv
train/Black soil/Black_Soil_ (41).jpg,2,Black soil,train,322b613b3f146d5bbb0a3bb2470719ed,80d6385e5bd039db,239,no,yes,included_in_cv
train/Black soil/Black_Soil_ (42).jpg,2,Black soil,train,239b81e9f997f45d4ac957f97064740b,84dbc3c066dd98dc,238,no,yes,included_in_cv
train/Black soil/Black_Soil_ (43).jpg,2,Black soil,train,1502e8ec301eecac1f5b1aaed5641c62,87eb0f6039f66231,236,no,yes,included_in_cv
train/Black soil/Black_Soil_ (44).jpg,2,Black soil,train,ca1647ef68d297df7c286fe62ea72284,c45a1f0f078eb1a7,311,yes,yes,included_in_cv
train/Black soil/Black_Soil_ (47).jpg,2,Black soil,train,2f6b8ef92ce0af321c2921bfc2b4933c,95b530a495d796b1,234,no,yes,included_in_cv
train/Black soil/Black_Soil_ (48).jpg,2,Black soil,train,d55308b3c65623248ec62fdcd1a5db67,a1a0e081859fdfdb,233,no,yes,included_in_cv
train/Black soil/Black_Soil_ (49).jpg,2,Black soil,train,2e1276a96a010585aa954a1e7befcda5,d1a9a470c9dce1ec,232,no,yes,included_in_cv
train/Black soil/Black_Soil_ (50).jpg,2,Black soil,train,4ec69bd7f651cfb74f0c870078e4eaaa,ca9b336c439618bb,231,no,yes,included_in_cv
train/Black soil/Black_Soil_ (51).jpg,2,Black soil,train,aeb664018ea32a687059af54f8979ed9,cd9a95eed5251ac0,230,no,yes,included_in_cv
train/Black soil/Black_Soil_ (52).jpg,2,Black soil,train,3ee752967445c7016b109f014093db37,c3c3cb9238b393c3,229,no,yes,included_in_cv
train/Black soil/Black_Soil_ (54).jpg,2,Black soil,train,06e0ce3878041a70c95142a2c17ce3a2,f196d2be8a60ada1,312,yes,yes,included_in_cv
train/Black soil/Black_Soil_ (55).jpg,2,Black soil,train,e29a29b1b6b063d0df6aec7431331160,b0e8dac5c1346d9b,313,yes,yes,included_in_cv
train/Black soil/Black_Soil_ (56).jpg,2,Black soil,train,048c05263b1bd73d195d91dcffb18260,d3c73c3a0965c3a5,226,no,yes,included_in_cv
train/Black soil/Black_Soil_ (57).jpg,2,Black soil,train,c2b77933d0745e3d4f05ef2fe26e2f11,c53ff023cf08b994,225,no,yes,included_in_cv
train/Black soil/Black_Soil_ (58).jpg,2,Black soil,train,cfa2e3ffcdf8184514fb538b64398e4b,8976959b3131d173,314,yes,yes,included_in_cv
train/Black soil/Black_Soil_ (59).jpg,2,Black soil,train,a0ede7c2e40b816d746b233078b14274,d5909530fda1b7c4,224,no,yes,included_in_cv
train/Black soil/Black_Soil_ (6).jpg,2,Black soil,train,a7ef23dbbdb7eb5589035ace5c529005,df02981d5e545cda,315,yes,yes,included_in_cv
train/Black soil/Black_Soil_ (60).jpg,2,Black soil,train,95e3ea239416eb46da2d33e522d0e3d0,9182ba27c3f1d5d1,316,yes,yes,included_in_cv
train/Black soil/Black_Soil_ (61).jpg,2,Black soil,train,dda8b589ea276be558d9b5005d80b852,b7ce7ab5e0785880,223,no,yes,included_in_cv
train/Black soil/Black_Soil_ (64).jpg,2,Black soil,train,761bf4c1f63a3df64bd18896f5c18286,958b5a1f7ab22552,249,no,yes,included_in_cv
train/Black soil/Black_Soil_ (65).jpg,2,Black soil,train,02d73ed84086815ecc67b4a5e93e3533,92f555a316fb08aa,248,no,yes,included_in_cv
train/Black soil/Black_Soil_ (66).jpg,2,Black soil,train,a9de335591a414658af51f3c4998a0cf,85eb443d1ac361fa,247,no,yes,included_in_cv
train/Black soil/Black_Soil_ (67).jpg,2,Black soil,train,6022f047370ddec7f88837e50df8b6b8,bd78ad030193ce9e,246,no,yes,included_in_cv
train/Black soil/Black_Soil_ (68).jpg,2,Black soil,train,f2ef51a998d08658b2e6b76422b4ce50,c1f9b59195d19591,317,yes,yes,included_in_cv
train/Black soil/Black_Soil_ (69).jpg,2,Black soil,train,0900b87750907f95b143a032ca181f01,e92a6a666b3512e9,237,no,yes,included_in_cv
train/Black soil/Black_Soil_ (7).jpg,2,Black soil,train,5e409dc24c6f007e9db19134202dd190,86826af271bfa89a,318,yes,yes,included_in_cv
train/Black soil/Black_Soil_ (70).jpg,2,Black soil,train,80f30748019b349ff6a3f0fc8ae4e7b5,d70d0a0719df7a0b,228,no,yes,included_in_cv
train/Black soil/Black_Soil_ (72).jpg,2,Black soil,train,0fd4c2a26791af502adfb456e419ace3,c0211fbf3d1a70f8,319,yes,yes,included_in_cv
train/Black soil/Black_Soil_ (73).jpg,2,Black soil,train,c459f83d661e65a537582b60d5993c75,c75f205963597e14,320,yes,yes,included_in_cv
train/Black soil/Black_Soil_ (74).jpg,2,Black soil,train,1cc354539d89d4cab65077f8443f5604,d141159f4f693572,321,yes,yes,included_in_cv
train/Black soil/Black_Soil_ (8).jpg,2,Black soil,train,13288a49e60a1aa1444f14a871c3d814,c4884f186bcb2cfe,322,yes,yes,included_in_cv
train/Black soil/Black_Soil_ (9).jpg,2,Black soil,train,170d911ae87ce2da75d1c3303ba480f9,c5694a92ea4c41ff,323,yes,yes,included_in_cv
train/Black soil/Copy of Copy of Sample7.30.jpg,2,Black soil,train,da9a407efe3565add0048581f35ed4dc,cf993864a3cacb98,324,yes,yes,included_in_cv
train/Black soil/Copy of Copy of images434.jpg,2,Black soil,train,93b7d0ca6db7a8256dd11912504042fa,c1727f180b25b1f6,325,yes,yes,included_in_cv
train/Black soil/Copy of Copy of images435(1).jpg,2,Black soil,train,e1e93e9c533effe92067e05102704386,9033f2c5d8d1e764,326,yes,yes,included_in_cv
train/Black soil/Copy of Copy of images435.jpg,2,Black soil,train,e1e93e9c533effe92067e05102704386,9033f2c5d8d1e764,326,no,yes,included_in_cv
train/Black soil/Copy of Copy of images436(1).jpg,2,Black soil,train,6d60cb23ba8c1dc1853d4776a18de935,e7e7dda08b2e4205,327,yes,yes,included_in_cv
train/Black soil/Copy of Copy of images436.jpg,2,Black soil,train,6d60cb23ba8c1dc1853d4776a18de935,e7e7dda08b2e4205,327,no,yes,included_in_cv
train/Black soil/Copy of Copy of images437(1).jpg,2,Black soil,train,3e9ae54573d1fa2428c371ae8b56e15f,817268ef313e519e,328,yes,yes,included_in_cv
train/Black soil/Copy of Copy of images437.jpg,2,Black soil,train,3e9ae54573d1fa2428c371ae8b56e15f,817268ef313e519e,328,no,yes,included_in_cv
train/Black soil/Copy of Copy of indian-soils-6.jpg,2,Black soil,train,8b418dc584ed6b7f30cab0399534a4ef,e4e4d0add306dcaa,286,no,yes,included_in_cv
train/Black soil/Copy of Copy of main-qimg-d58f1c16e4a7c754ec35d2b9f2ab47ac.webp,2,Black soil,train,7005e29befd5136d8ddd930e8aa04587,86b62c3598c5f84f,329,yes,yes,included_in_cv
train/Black soil/Copy of Sample4.30.jpg,2,Black soil,train,d4f25fd40cf0842ca50fc1916fdef7fb,9e3061c7963cd963,330,yes,yes,included_in_cv
train/Black soil/Copy of Sample7.0.jpg,2,Black soil,train,2e579d8dbdec1a740a3bd5006da57da1,d2cb2f2d78343037,331,yes,yes,included_in_cv
train/Black soil/Copy of image27(1).jpeg,2,Black soil,train,e7708cddc1655564f1b4db3b56304f4d,d28b8795d6d61253,332,yes,yes,included_in_cv
train/Black soil/Copy of image27.jpeg,2,Black soil,train,e7708cddc1655564f1b4db3b56304f4d,d28b8795d6d61253,332,no,yes,included_in_cv
train/Black soil/Copy of images258(1).jpg,2,Black soil,train,18c1a54cb9678655d8938b42c0fe55dc,d1ea90b992b3e6a1,333,yes,yes,included_in_cv
train/Black soil/Copy of images258.jpg,2,Black soil,train,18c1a54cb9678655d8938b42c0fe55dc,d1ea90b992b3e6a1,333,no,yes,included_in_cv
train/Black soil/Copy of images267(1).jpg,2,Black soil,train,d2d35225a190d44ae439ae0d54c135a4,95911b46f1562b5b,334,yes,yes,included_in_cv
train/Black soil/Copy of images267.jpg,2,Black soil,train,d2d35225a190d44ae439ae0d54c135a4,95911b46f1562b5b,334,no,yes,included_in_cv
train/Black soil/Copy of images271(1).jpg,2,Black soil,train,20be7352ebc6b538c377a3207df29f2c,96df7828f1582393,335,yes,yes,included_in_cv
train/Black soil/Copy of images274(1).jpg,2,Black soil,train,64880fc07797bb8f5913aab092a737d2,85c30f613dfe6231,336,yes,yes,included_in_cv
train/Black soil/Copy of images274.jpg,2,Black soil,train,64880fc07797bb8f5913aab092a737d2,85c30f613dfe6231,336,no,yes,included_in_cv
train/Black soil/Copy of images280(1).jpg,2,Black soil,train,1b1935386fc1d3f6612023c5d830624d,c56c373014c7e31f,337,yes,yes,included_in_cv
train/Black soil/Copy of images280.jpg,2,Black soil,train,1b1935386fc1d3f6612023c5d830624d,c56c373014c7e31f,337,no,yes,included_in_cv
train/Black soil/Copy of images281(1).jpg,2,Black soil,train,fa009c5bb5c11fa0a2a14843c3468bc4,dcde3b9d92960c0c,338,yes,yes,included_in_cv
train/Black soil/Copy of images281.jpg,2,Black soil,train,fa009c5bb5c11fa0a2a14843c3468bc4,dcde3b9d92960c0c,338,no,yes,included_in_cv
train/Black soil/Copy of images284.jpg,2,Black soil,train,80cbfe70881d48730f7a87e0c2cec323,ab704bf3269c9d11,339,yes,yes,included_in_cv
train/Black soil/Copy of images287(1).jpg,2,Black soil,train,fb9c03ea72163b0551ad82cde6238e2e,d72d02071bdf7a48,340,yes,yes,included_in_cv
train/Black soil/Copy of images287.jpg,2,Black soil,train,fb9c03ea72163b0551ad82cde6238e2e,d72d02071bdf7a48,340,no,yes,included_in_cv
train/Black soil/Copy of images298(1).jpg,2,Black soil,train,2cce4143448385cf762160c6dc1bc495,a2406cafa5965e7c,341,yes,yes,included_in_cv
train/Black soil/Copy of images305(1).jpg,2,Black soil,train,3e01703ac92d74d56c826a3005df547c,859325d3492de76c,342,yes,yes,included_in_cv
train/Black soil/Copy of images305.jpg,2,Black soil,train,3e01703ac92d74d56c826a3005df547c,859325d3492de76c,342,no,yes,included_in_cv
train/Black soil/Copy of images318(1).jpg,2,Black soil,train,f3694c190724520113948b5f2c198244,c5ca1ca55aa7394b,343,yes,yes,included_in_cv
train/Black soil/Copy of images318.jpg,2,Black soil,train,f3694c190724520113948b5f2c198244,c5ca1ca55aa7394b,343,no,yes,included_in_cv
train/Black soil/Copy of images347(1).jpg,2,Black soil,train,a46772d40d9f69acdf42fb9ccf6be87f,c17642a3c178f9e6,344,yes,yes,included_in_cv
train/Black soil/Copy of images347.jpg,2,Black soil,train,a46772d40d9f69acdf42fb9ccf6be87f,c17642a3c178f9e6,344,no,yes,included_in_cv
train/Black soil/Copy of images350.jpg,2,Black soil,train,be26a1e4db836b08d8094513747d7df2,fbe0fae0e0c181ab,345,yes,yes,included_in_cv
train/Black soil/Copy of images359(1).jpg,2,Black soil,train,8543fb7053f44f0a34b526a77d992f19,bacdc902f1de3258,346,yes,yes,included_in_cv
train/Black soil/Copy of images359.jpg,2,Black soil,train,8543fb7053f44f0a34b526a77d992f19,bacdc902f1de3258,346,no,yes,included_in_cv
train/Black soil/Copy of images363(1).jpg,2,Black soil,train,82cd52bd176cd10163dfdecce9dc07c4,c31e9cdd42e0b6e2,347,yes,yes,included_in_cv
train/Black soil/Copy of images365(1).jpg,2,Black soil,train,5ddd17e4e0541c24b9bebce1167dfd64,bd03f515a512ad66,348,yes,yes,included_in_cv
train/Black soil/Copy of images371(1).jpg,2,Black soil,train,a6d5bbb6113cc94366381902a17f40b4,d4d352da4b4863ce,349,yes,yes,included_in_cv
train/Black soil/Copy of images375(1).jpg,2,Black soil,train,a458f76e2d01edf16bd821c74484dc84,91b4401e76df8f23,350,yes,yes,included_in_cv
train/Black soil/Copy of images375.jpg,2,Black soil,train,a458f76e2d01edf16bd821c74484dc84,91b4401e76df8f23,350,no,yes,included_in_cv
train/Black soil/Copy of images386.jpg,2,Black soil,train,3df7a5aa9137acf6d2424347711b32b0,d1987425e1cd71ad,351,yes,yes,included_in_cv
train/Black soil/Copy of images390(1).jpg,2,Black soil,train,cd3d2d646b249a68d02580c3f9ba71ab,fa999e1328b5b341,352,yes,yes,included_in_cv
train/Black soil/Copy of images391(1).jpg,2,Black soil,train,5484ef5831ba6c7d0b733399fc38da67,8f8fa6a15a9b21a9,353,yes,yes,included_in_cv
train/Black soil/Copy of images391.jpg,2,Black soil,train,5484ef5831ba6c7d0b733399fc38da67,8f8fa6a15a9b21a9,353,no,yes,included_in_cv
train/Black soil/Copy of images392(1).jpg,2,Black soil,train,d94f2c83d2766612978a23416a53b649,866d3bc50a26fc39,354,yes,yes,included_in_cv
train/Black soil/Copy of images392.jpg,2,Black soil,train,d94f2c83d2766612978a23416a53b649,866d3bc50a26fc39,354,no,yes,included_in_cv
train/Black soil/Copy of images393(1).jpg,2,Black soil,train,2e443ba01b01601a9f4dcc50836b7d33,d3460f3878d32e3c,355,yes,yes,included_in_cv
train/Black soil/Copy of images393.jpg,2,Black soil,train,2e443ba01b01601a9f4dcc50836b7d33,d3460f3878d32e3c,355,no,yes,included_in_cv
train/Black soil/Copy of images394(1).jpg,2,Black soil,train,40ee4c1be076ed0e43560ec6c430662e,d8aa3ed81195f195,356,yes,yes,included_in_cv
train/Black soil/Copy of images394.jpg,2,Black soil,train,40ee4c1be076ed0e43560ec6c430662e,d8aa3ed81195f195,356,no,yes,included_in_cv
train/Black soil/Copy of images395(1).jpg,2,Black soil,train,67c8dd17f1fb60854f2e90cb68be784d,ed3107859bb87136,357,yes,yes,included_in_cv
train/Black soil/Copy of images396(1).jpg,2,Black soil,train,62093fb38db765efc05329094437ecaf,808f1fc6162d6e3d,358,yes,yes,included_in_cv
train/Black soil/Copy of images396.jpg,2,Black soil,train,62093fb38db765efc05329094437ecaf,808f1fc6162d6e3d,358,no,yes,included_in_cv
train/Black soil/Copy of images397(1).jpg,2,Black soil,train,c920af7f579ef48de2a1c140cbb090be,8f1d6136b1d127a9,359,yes,yes,included_in_cv
train/Black soil/Copy of images397.jpg,2,Black soil,train,c920af7f579ef48de2a1c140cbb090be,8f1d6136b1d127a9,359,no,yes,included_in_cv
train/Black soil/Copy of images398(1).jpg,2,Black soil,train,ed37fca3acee123b84042f8077322819,b30b4406d5deee91,360,yes,yes,included_in_cv
train/Black soil/Copy of images398.jpg,2,Black soil,train,ed37fca3acee123b84042f8077322819,b30b4406d5deee91,360,no,yes,included_in_cv
train/Black soil/Copy of images399.jpg,2,Black soil,train,322e585c8b0cea148c7e29dff93dd0fc,cb89b1b4ac16f869,361,yes,yes,included_in_cv
train/Black soil/Copy of images400.jpg,2,Black soil,train,bbe3f12ea7ebacc7c6778755de4b70a6,c7d070d9133d9be0,362,yes,yes,included_in_cv
train/Black soil/Copy of images401.jpg,2,Black soil,train,4bfc882c773c2783c383edcb89a1b5b8,cdfce2068c54d647,363,yes,yes,included_in_cv
train/Black soil/Copy of images403.jpg,2,Black soil,train,df0c75954ef329adb6d117c0cf884d11,be2a46ce8b88bf44,364,yes,yes,included_in_cv
train/Black soil/Copy of images404.jpg,2,Black soil,train,0782c19cf4668cb4a472225263d91090,de9516c1d9c42d4b,365,yes,yes,included_in_cv
train/Black soil/Copy of images405(1).jpg,2,Black soil,train,147ede3db20f03bff505b93051cc15ef,840ca41fb37be62e,366,yes,yes,included_in_cv
train/Black soil/Copy of images405.jpg,2,Black soil,train,147ede3db20f03bff505b93051cc15ef,840ca41fb37be62e,366,no,yes,included_in_cv
train/Black soil/Copy of images406(1).jpg,2,Black soil,train,fc7393a670cc208282f823d454593e21,90871fc4362d6e3d,358,no,yes,included_in_cv
train/Black soil/Copy of images406.jpg,2,Black soil,train,fc7393a670cc208282f823d454593e21,90871fc4362d6e3d,358,no,yes,included_in_cv
train/Black soil/Copy of images408.jpg,2,Black soil,train,6093305b8e65d0052ef5f2033d31f246,9033f2c5d8d1f564,326,no,yes,included_in_cv
train/Black soil/Copy of images409(1).jpg,2,Black soil,train,30580f6b4af0c54be4333516606573c9,c1cc485471def593,367,yes,yes,included_in_cv
train/Black soil/Copy of images413(1).jpg,2,Black soil,train,d4a98b1237d3435fe8d6a975657c9e08,e4e180e5ee989e9a,368,yes,yes,included_in_cv
train/Black soil/Copy of images413.jpg,2,Black soil,train,d4a98b1237d3435fe8d6a975657c9e08,e4e180e5ee989e9a,368,no,yes,included_in_cv
train/Black soil/Copy of images414(1).jpg,2,Black soil,train,3eaa7c7bf9116a4fa273f1e76557e9da,aad503a8a854ff17,369,yes,yes,included_in_cv
train/Black soil/Copy of images414.jpg,2,Black soil,train,3eaa7c7bf9116a4fa273f1e76557e9da,aad503a8a854ff17,369,no,yes,included_in_cv
train/Black soil/Copy of images415(1).jpg,2,Black soil,train,b9f561653cca2e40b5ecf0c90771fbda,ca1ec3b3e42c34cd,370,yes,yes,included_in_cv
train/Black soil/Copy of images415.jpg,2,Black soil,train,b9f561653cca2e40b5ecf0c90771fbda,ca1ec3b3e42c34cd,370,no,yes,included_in_cv
train/Black soil/Copy of images416(1).jpg,2,Black soil,train,0d9ef8d196b4be231fd6e48a49768e44,d6374a595a24915f,371,yes,yes,included_in_cv
train/Black soil/Copy of images416.jpg,2,Black soil,train,0d9ef8d196b4be231fd6e48a49768e44,d6374a595a24915f,371,no,yes,included_in_cv
train/Black soil/Copy of images417.jpg,2,Black soil,train,48c3b009b4074fe6b2f59d1009f068d1,99dd17d1ccc361a4,372,yes,yes,included_in_cv
train/Black soil/Copy of images418.jpg,2,Black soil,train,7b349635d009c2794716e21233538cd1,908f1fc4363d6e38,358,no,yes,included_in_cv
train/Black soil/Copy of images419(1).jpg,2,Black soil,train,edfd4135ee99b405fde3ce4b6bde57b5,d77fc66d8c00b04d,373,yes,yes,included_in_cv
train/Black soil/Copy of images420(1).jpg,2,Black soil,train,d8b9d3220d8034cec91bc28bf838af9b,e2eadca157e52306,235,no,yes,included_in_cv
train/Black soil/Copy of images421(1).jpg,2,Black soil,train,83e747a5cf203aac5a47c3a3302918a2,c5e13e285a1959ed,374,yes,yes,included_in_cv
train/Black soil/Copy of images421.jpg,2,Black soil,train,83e747a5cf203aac5a47c3a3302918a2,c5e13e285a1959ed,374,no,yes,included_in_cv
train/Black soil/Copy of images422.jpg,2,Black soil,train,27a33f743002d2d47707a2c40e16c19b,b2eee308cb51e4b1,375,yes,yes,included_in_cv
train/Black soil/Copy of images423(1).jpg,2,Black soil,train,b094fc03a20e05f8256ba12350e37047,e6e7dda0836a4037,376,yes,yes,included_in_cv
train/Black soil/Copy of images423.jpg,2,Black soil,train,b094fc03a20e05f8256ba12350e37047,e6e7dda0836a4037,376,no,yes,included_in_cv
train/Black soil/Copy of images424(1).jpg,2,Black soil,train,c192e71e13ddb4cee69ce4a8776d3b3b,8517b84fe14af05b,377,yes,yes,included_in_cv
train/Black soil/Copy of images425.jpg,2,Black soil,train,99464ce307ee2df44c0ab84c7d5edf68,85875aed6142f279,378,yes,yes,included_in_cv
train/Black soil/Copy of images428(1).jpg,2,Black soil,train,f716d40f0dcecf16a28d348f507cbb1f,c9fda5b2c84135a5,379,yes,yes,included_in_cv
train/Black soil/Copy of images428.jpg,2,Black soil,train,f716d40f0dcecf16a28d348f507cbb1f,c9fda5b2c84135a5,379,no,yes,included_in_cv
train/Black soil/Copy of images429.jpg,2,Black soil,train,c11dfa1bbbcd9fdabf44f938764fd83c,90fa86bf312f1859,380,yes,yes,included_in_cv
train/Black soil/Copy of images431.jpg,2,Black soil,train,bf11e6cbb53ed4825aa5313143ae35f1,b9f5c183ae186a96,381,yes,yes,included_in_cv
train/Black soil/Copy of images432(1).jpg,2,Black soil,train,5da52c3540aab8291025310ef82bf21f,af4e501bb6c817b8,382,yes,yes,included_in_cv
train/Black soil/Copy of images432.jpg,2,Black soil,train,5da52c3540aab8291025310ef82bf21f,af4e501bb6c817b8,382,no,yes,included_in_cv
train/Black soil/Copy of images435(1).jpg,2,Black soil,train,e1e93e9c533effe92067e05102704386,9033f2c5d8d1e764,326,no,yes,included_in_cv
train/Black soil/Copy of images435.jpg,2,Black soil,train,e1e93e9c533effe92067e05102704386,9033f2c5d8d1e764,326,no,yes,included_in_cv
train/Black soil/Copy of images436.jpg,2,Black soil,train,6d60cb23ba8c1dc1853d4776a18de935,e7e7dda08b2e4205,327,no,yes,included_in_cv
train/Black soil/Copy of images437(1).jpg,2,Black soil,train,3e9ae54573d1fa2428c371ae8b56e15f,817268ef313e519e,328,no,yes,included_in_cv
train/Black soil/Copy of images437.jpg,2,Black soil,train,3e9ae54573d1fa2428c371ae8b56e15f,817268ef313e519e,328,no,yes,included_in_cv
train/Black soil/Copy of indian-soils-6.jpg,2,Black soil,train,8b418dc584ed6b7f30cab0399534a4ef,e4e4d0add306dcaa,286,no,yes,included_in_cv
train/Black soil/Copy of kalimitti2.jpg,2,Black soil,train,ac12863ab08fecab17cf94f7b256b012,ef1cd4a11ad7291a,383,yes,yes,included_in_cv
train/Black soil/Copy of main-qimg-d58f1c16e4a7c754ec35d2b9f2ab47ac.webp,2,Black soil,train,7005e29befd5136d8ddd930e8aa04587,86b62c3598c5f84f,329,no,yes,included_in_cv
train/Black soil/Sample4.30.jpg,2,Black soil,train,d4f25fd40cf0842ca50fc1916fdef7fb,9e3061c7963cd963,330,no,yes,included_in_cv
train/Black soil/Sample7.0.jpg,2,Black soil,train,2e579d8dbdec1a740a3bd5006da57da1,d2cb2f2d78343037,331,no,yes,included_in_cv
train/Black soil/Sample7.150.jpg,2,Black soil,train,fa8d585d928bca2c0fdd015b322ba171,8e643898e7399a67,384,yes,yes,included_in_cv
train/Black soil/Sample7.180.jpg,2,Black soil,train,c9ae8ea1829eb62d659bfe22af13c4f6,87607a87259e659d,385,yes,yes,included_in_cv
train/Black soil/Sample7.30.jpg,2,Black soil,train,da9a407efe3565add0048581f35ed4dc,cf993864a3cacb98,324,no,yes,included_in_cv
train/Black soil/Sample7.60.jpg,2,Black soil,train,cb662300bb552da05bb8535656cdb1db,cf1c3863e39e8e48,386,yes,yes,included_in_cv
train/Black soil/Sample7.90.jpg,2,Black soil,train,2da6f89c7eecca6b45303c35bbf00eef,c0373f7070cae1ce,387,yes,yes,included_in_cv
train/Black soil/black-earth-background-natural-soil-260nw-2068346966.jpg,2,Black soil,train,95b2a86e589941cfaf2c5617b3c9b45d,b31ba61ee91aa51a,388,yes,yes,included_in_cv
train/Black soil/black-ground-background-close-260nw-184414499.jpg,2,Black soil,train,60e4e761bab8bb06ab1825bbe740399e,f55ef048e35ab043,389,yes,yes,included_in_cv
train/Black soil/black-land-plant-background-top-260nw-1689095212.jpg,2,Black soil,train,99e430dc6006eecc51c12ef298c41091,fb84347b8416fb11,390,yes,yes,included_in_cv
train/Black soil/black-land-plant-background-top-260nw-1690801567.jpg,2,Black soil,train,6e28e049908cba4d73fb9340b581347e,b44ee55ae61be00e,391,yes,yes,included_in_cv
train/Black soil/black-land-plant-background-top-260nw-1693525414.jpg,2,Black soil,train,61444edf0e97703f648331945e4a2f5e,c442b34ea15ab55f,392,yes,yes,included_in_cv
train/Black soil/black-land-plant-background-top-260nw-1715884504.jpg,2,Black soil,train,30f8ee1bcc61682961ade6af44b09117,815ff81af51ae50a,393,yes,yes,included_in_cv
train/Black soil/black-land-plant-background-top-260nw-1846519978.jpg,2,Black soil,train,8c66a4cd6cae014d0a5bc43e774478a2,a41fe01fa41fb44e,394,yes,yes,included_in_cv
train/Black soil/black-land-plant-background-top-260nw-1927364714.jpg,2,Black soil,train,4913b7fd6eee721ccd0809da41b9e106,975ee04ebc0de44a,395,yes,yes,included_in_cv
train/Black soil/black-land-plant-background-top-260nw-1932861188.jpg,2,Black soil,train,ce288970a2b94f53c787d0211af134f1,8556f10eed4eb41a,396,yes,yes,included_in_cv
train/Black soil/black-land-plant-isolated-on-260nw-1724620477.jpg,2,Black soil,train,27365f29057a5f3184ca2e05604b54bc,86ceb915b119e64e,397,yes,yes,included_in_cv
train/Black soil/black-sand-texture-dark-soil-260nw-430890610.jpg,2,Black soil,train,2d317672f2e457ebd6ed35c8b72094e3,d119bc5ee10ea44f,398,yes,yes,included_in_cv
train/Black soil/black-soil-close-up-agriculture-260nw-1167313222.jpg,2,Black soil,train,a2d4ebbf48b3e72931eac5a356f6a70b,e41c984cfd4ba257,399,yes,yes,included_in_cv
train/Black soil/black-soil-texture-260nw-79173829.jpg,2,Black soil,train,3740bd1d5b0d5f912d71f1db359bf189,d04aa15ee15eb15e,400,yes,yes,included_in_cv
train/Black soil/black-soil-texture-background-260nw-298884596.jpg,2,Black soil,train,59308119e33e9cb1056bc3b3307686f5,d41ab45ea41fa51e,401,yes,yes,included_in_cv
train/Black soil/black-soil-texture-background-gardening-ideas-idea-planting-gardeners-171739558.jpg,2,Black soil,train,0fbfcd07470d2defec6940a6c93dee9d,c1f9b59195d19591,317,no,yes,included_in_cv
train/Black soil/brown-soil-texture-background-cultivated-260nw-1898667757.jpg,2,Black soil,train,a1efd3c5945dcbff0ad441f98f7abeb0,d307b053a45eb45b,402,yes,yes,included_in_cv
train/Black soil/close-black-soil-background-pattern-260nw-371224735.jpg,2,Black soil,train,6a0b50aa0725279c169fadde51ac5dda,851efb07e04ea05f,403,yes,yes,included_in_cv
train/Black soil/closeup-black-color-soil-texture-260nw-570892720.jpg,2,Black soil,train,d34651fcdd2ed1cde8b3dbaf27785140,a51be352f04aa15f,404,yes,yes,included_in_cv
train/Black soil/closeup-plowed-field-fertile-black-260nw-1831062274.jpg,2,Black soil,train,5e61971438258e96fd2b9e9ce10a7e35,8bc4c143f439fc74,405,yes,yes,included_in_cv
train/Black soil/cotton-black-soil-farm-india-260nw-1761431900.jpg,2,Black soil,train,5acfc50a3d0fb27e0cbda34563a86bbb,85c4e71fbb2ea045,406,yes,yes,included_in_cv
train/Black soil/d-field-indian-farm-full-of-organic-soil-in-which-sowing-has-been-1760541305.jpg,2,Black soil,train,ac17b13334f1acc90d1c31498c1530ff,b8ddf8a36a0b420f,407,yes,yes,included_in_cv
train/Black soil/dark-black-soil-texture-background-260nw-2203815427.jpg,2,Black soil,train,43958912da83efe6a4ce8adecb7b10fe,854bb01bf40fed0e,408,yes,yes,included_in_cv
train/Black soil/dark-black-soil-texture-blackground-260nw-1140149915.jpg,2,Black soil,train,2e5907defa60eb2f9c56dee30a7132bd,eb53f24ba003f11e,409,yes,yes,included_in_cv
train/Black soil/fertil-soil-background-texture-close-260nw-613800197.jpg,2,Black soil,train,51fe81f161c7762d22ae152f2983e4a4,850ef00be54eb15f,410,yes,yes,included_in_cv
train/Black soil/fresh-soil-gardening-background-top-260nw-1471704209.jpg,2,Black soil,train,f187063e1d645e723c18825c4ee5b3b4,d54aa117a15fa15b,411,yes,yes,included_in_cv
train/Black soil/ginkgo-leaf-on-ground-black-260nw-380461555.jpg,2,Black soil,train,d178075243d797596ce0691e42b4ddf8,de1ab1468f09b167,412,yes,yes,included_in_cv
train/Black soil/image27.jpeg,2,Black soil,train,e7708cddc1655564f1b4db3b56304f4d,d28b8795d6d61253,332,no,yes,included_in_cv
train/Black soil/images267.jpg,2,Black soil,train,d2d35225a190d44ae439ae0d54c135a4,95911b46f1562b5b,334,no,yes,included_in_cv
train/Black soil/images271.jpg,2,Black soil,train,20be7352ebc6b538c377a3207df29f2c,96df7828f1582393,335,no,yes,included_in_cv
train/Black soil/images280.jpg,2,Black soil,train,1b1935386fc1d3f6612023c5d830624d,c56c373014c7e31f,337,no,yes,included_in_cv
train/Black soil/images281.jpg,2,Black soil,train,fa009c5bb5c11fa0a2a14843c3468bc4,dcde3b9d92960c0c,338,no,yes,included_in_cv
train/Black soil/images284.jpg,2,Black soil,train,80cbfe70881d48730f7a87e0c2cec323,ab704bf3269c9d11,339,no,yes,included_in_cv
train/Black soil/images298.jpg,2,Black soil,train,2cce4143448385cf762160c6dc1bc495,a2406cafa5965e7c,341,no,yes,included_in_cv
train/Black soil/images305.jpg,2,Black soil,train,3e01703ac92d74d56c826a3005df547c,859325d3492de76c,342,no,yes,included_in_cv
train/Black soil/images318.jpg,2,Black soil,train,f3694c190724520113948b5f2c198244,c5ca1ca55aa7394b,343,no,yes,included_in_cv
train/Black soil/images337.jpg,2,Black soil,train,df99aba368c8d9062d085309cf06c0c3,d19a7025e3cd712d,351,no,yes,included_in_cv
train/Black soil/images347.jpg,2,Black soil,train,a46772d40d9f69acdf42fb9ccf6be87f,c17642a3c178f9e6,344,no,yes,included_in_cv
train/Black soil/images350.jpg,2,Black soil,train,be26a1e4db836b08d8094513747d7df2,fbe0fae0e0c181ab,345,no,yes,included_in_cv
train/Black soil/images359.jpg,2,Black soil,train,8543fb7053f44f0a34b526a77d992f19,bacdc902f1de3258,346,no,yes,included_in_cv
train/Black soil/images363.jpg,2,Black soil,train,82cd52bd176cd10163dfdecce9dc07c4,c31e9cdd42e0b6e2,347,no,yes,included_in_cv
train/Black soil/images365.jpg,2,Black soil,train,5ddd17e4e0541c24b9bebce1167dfd64,bd03f515a512ad66,348,no,yes,included_in_cv
train/Black soil/images371.jpg,2,Black soil,train,a6d5bbb6113cc94366381902a17f40b4,d4d352da4b4863ce,349,no,yes,included_in_cv
train/Black soil/images375.jpg,2,Black soil,train,a458f76e2d01edf16bd821c74484dc84,91b4401e76df8f23,350,no,yes,included_in_cv
train/Black soil/images386.jpg,2,Black soil,train,3df7a5aa9137acf6d2424347711b32b0,d1987425e1cd71ad,351,no,yes,included_in_cv
train/Black soil/images391.jpg,2,Black soil,train,5484ef5831ba6c7d0b733399fc38da67,8f8fa6a15a9b21a9,353,no,yes,included_in_cv
train/Black soil/images392.jpg,2,Black soil,train,d94f2c83d2766612978a23416a53b649,866d3bc50a26fc39,354,no,yes,included_in_cv
train/Black soil/images393.jpg,2,Black soil,train,2e443ba01b01601a9f4dcc50836b7d33,d3460f3878d32e3c,355,no,yes,included_in_cv
train/Black soil/images398.jpg,2,Black soil,train,ed37fca3acee123b84042f8077322819,b30b4406d5deee91,360,no,yes,included_in_cv
train/Black soil/images399.jpg,2,Black soil,train,322e585c8b0cea148c7e29dff93dd0fc,cb89b1b4ac16f869,361,no,yes,included_in_cv
train/Black soil/images400.jpg,2,Black soil,train,bbe3f12ea7ebacc7c6778755de4b70a6,c7d070d9133d9be0,362,no,yes,included_in_cv
train/Black soil/images401.jpg,2,Black soil,train,4bfc882c773c2783c383edcb89a1b5b8,cdfce2068c54d647,363,no,yes,included_in_cv
train/Black soil/images404.jpg,2,Black soil,train,0782c19cf4668cb4a472225263d91090,de9516c1d9c42d4b,365,no,yes,included_in_cv
train/Black soil/images430.jpg,2,Black soil,train,ecffb07da071038979ec568995ace024,e92a6a666b3512e9,237,no,yes,included_in_cv
train/Black soil/images433.jpg,2,Black soil,train,afcdd437e69632472e868e8db89038f0,d5ab50ce6d16027b,413,yes,yes,included_in_cv
train/Black soil/images434.jpg,2,Black soil,train,93b7d0ca6db7a8256dd11912504042fa,c1727f180b25b1f6,325,no,yes,included_in_cv
train/Black soil/indian-soils-6.jpg,2,Black soil,train,8b418dc584ed6b7f30cab0399534a4ef,e4e4d0add306dcaa,286,no,yes,included_in_cv
train/Black soil/kalimitti2.jpg,2,Black soil,train,ac12863ab08fecab17cf94f7b256b012,ef1cd4a11ad7291a,383,no,yes,included_in_cv
train/Black soil/main-qimg-d58f1c16e4a7c754ec35d2b9f2ab47ac.webp,2,Black soil,train,7005e29befd5136d8ddd930e8aa04587,86b62c3598c5f84f,329,no,yes,included_in_cv
train/Black soil/peat-moss-isolaetd-on-white-260nw-1935587986.jpg,2,Black soil,train,827eb2f05edc80f3c5ec58a083bb99c6,d8daa5077458f037,414,yes,yes,included_in_cv
train/Black soil/photo_2022-06-01_07-07-32.jpg,2,Black soil,train,ca259be980a3a2010cf0bd295b853294,812b9d4e790e13dd,415,yes,yes,included_in_cv
train/Black soil/selective-focus-on-little-seedling-260nw-390382129.jpg,2,Black soil,train,1f4a3ee3bdcb2c52e22ee240ef769cd9,cf43b232f366ec04,416,yes,yes,included_in_cv
train/Black soil/single-young-plant-emerging-black-260nw-389823625.jpg,2,Black soil,train,542f67046245efac8c551f089bbcb75a,c347ac3cbb45e243,417,yes,yes,included_in_cv
train/Black soil/soil-260nw-41206792.jpg,2,Black soil,train,2e98018bd0b680633ae70e6adfe8db29,e51ab45eb109b51e,418,yes,yes,included_in_cv
train/Black soil/soil-background-260nw-157471400.jpg,2,Black soil,train,6d3a7d8eeb6ba6b75fee9ad3b5762a6d,eb56a306b00bfc56,419,yes,yes,included_in_cv
train/Black soil/soil-texture-background-260nw-1065530900.jpg,2,Black soil,train,5774af45453a6d5fc0db026f40c9f7b4,8417ed1ef04ae94e,420,yes,yes,included_in_cv
train/Black soil/soil-texture-background-fertile-planting-260nw-1903239241.jpg,2,Black soil,train,c9dd9f3bd1d8f97a8e145b96ff94c0d3,850efc19fa17e11a,421,yes,yes,included_in_cv
train/Black soil/soil-texture-background-seen-above-260nw-1345246001.jpg,2,Black soil,train,44cb957c57f4297b96bd9a1c09d1b1fe,a60df659a719a259,422,yes,yes,included_in_cv
train/Black soil/textured-fertile-soil-background-gardening-260nw-1411995191.jpg,2,Black soil,train,d25a9946c18a42e37cfa5e1f719dcc59,900ef15ab553e14f,423,yes,yes,included_in_cv
train/Black soil/textured-fertile-soil-background-gardening-260nw-1413270422.jpg,2,Black soil,train,d4ebfff29c5511a60fe40e72e9cfcd5b,810ff15be15ab05b,424,yes,yes,included_in_cv
train/Black soil/top-view-closeup-organic-black-260nw-1730742160.jpg,2,Black soil,train,4ae4d7f29447ea6dcf4ebd4523ab694d,c50ae657b84fb512,425,yes,yes,included_in_cv
train/Black soil/usually-growth-plant-contained-within-260nw-1761444233.jpg,2,Black soil,train,46270034fd934fcffabc4de5d4be72e8,dc9cf372b41cc911,426,yes,yes,included_in_cv
train/Clay soil/91714675-background-of-red-clay-the-real-desert-soil.jpg,3,Clay soil,train,d78177f4523e2df111904fea1b5d12be,c095252f27dfaba0,427,yes,yes,included_in_cv
train/Clay soil/94530057-red-clay-soil-on-nature-as-a-background-.jpg,3,Clay soil,train,cd5ab07e4e8be0c5d30a2358bf41fbdb,cbf8b6ab03902db4,428,yes,yes,included_in_cv
train/Clay soil/Bamboo_for_clay_soil_main.jpg,3,Clay soil,train,2703d5cb70341a1aea050f6689384a28,cc67502ec7dceb04,429,yes,yes,included_in_cv
train/Clay soil/Clay-Soil(2).jpg,3,Clay soil,train,249b7b4cf7a227fcc3e6bd7be17a5d17,c4ad1eea6a6a68c5,430,yes,yes,included_in_cv
train/Clay soil/Clay_10.jpg,3,Clay soil,train,39d179391b0f8344331d77fd0ae0bacd,ce33ecd50231eca9,431,yes,yes,included_in_cv
train/Clay soil/Clay_11.jpg,3,Clay soil,train,ab7a6c8c9ff946eae00bf5e2b01ef895,c15baa08f705f14f,432,yes,yes,included_in_cv
train/Clay soil/Clay_12.jpg,3,Clay soil,train,f641d2793968494893f7da7ec32cd1dd,96846b986f8861bf,433,yes,yes,included_in_cv
train/Clay soil/Clay_14.jpg,3,Clay soil,train,b7598ffcfdb9d7d87513bb98865bf593,8871de52403f5dae,434,yes,yes,included_in_cv
train/Clay soil/Clay_15.jpg,3,Clay soil,train,8821dab9a95fb8c4ad9f0214f3d07289,849d7b9475338e98,435,yes,yes,included_in_cv
train/Clay soil/Clay_16.jpg,3,Clay soil,train,e2f818076997d7da0e8de0ce5c3565b5,c5d557c076a95592,436,yes,yes,included_in_cv
train/Clay soil/Clay_17.jpg,3,Clay soil,train,30e9cbc489c6d293c0e1838bf849eaaa,f68a79c732b60c86,437,yes,yes,included_in_cv
train/Clay soil/Clay_18.jpg,3,Clay soil,train,b58d13bc51a41cc397e31b2a982835e3,de01e95cd7439833,438,yes,yes,included_in_cv
train/Clay soil/Clay_19.jpg,3,Clay soil,train,81edb831ba25afd478353d83aa0a0587,d4421b4ab5faaba4,439,yes,yes,included_in_cv
train/Clay soil/Clay_2.jpg,3,Clay soil,train,00f8a71211e66193bc76b4561a3391f6,b886a9e4067d07dd,440,yes,yes,included_in_cv
train/Clay soil/Clay_21.jpg,3,Clay soil,train,450ae70d9372e52075ac86a656dc4e5e,aeb2c9d4de6905a1,441,yes,yes,included_in_cv
train/Clay soil/Clay_24.jpg,3,Clay soil,train,c8a7797d2c52d5aed7d70ed4373d8bb5,d5929cb70d986751,442,yes,yes,included_in_cv
train/Clay soil/Clay_25.jpg,3,Clay soil,train,8662c92cc6e28b08febe7bdf8a96dc38,9e1d47c3c3f12447,443,yes,yes,included_in_cv
train/Clay soil/Clay_26.jpg,3,Clay soil,train,1db66d975f7f678825e302efccdd952a,90df4e6fa3c908b1,444,yes,yes,included_in_cv
train/Clay soil/Clay_27.jpg,3,Clay soil,train,2d52e6441e1ea781952c235c4fb13f8e,d4816d9028be3eaf,445,yes,yes,included_in_cv
train/Clay soil/Clay_28.jpg,3,Clay soil,train,20ee2b9764708a61d43c1b9e491ec870,f79862c67c8221cf,446,yes,yes,included_in_cv
train/Clay soil/Clay_29.jpg,3,Clay soil,train,a4b0d63ad30210393efe5abbee803be7,8b841c9b8cf36ab5,447,yes,yes,included_in_cv
train/Clay soil/Clay_31.jpg,3,Clay soil,train,b755091cb5be0dc2df0a5f75cc34ba90,e98e42f90d845aaf,448,yes,yes,included_in_cv
train/Clay soil/Clay_32.jpg,3,Clay soil,train,86c7a97037ede7e69f8de364ca3a0c6a,90de41946b8e7e65,449,yes,yes,included_in_cv
train/Clay soil/Clay_33.jpg,3,Clay soil,train,cb97b97196015966d2c61fc98d1eebbc,d1929cb74d986751,442,no,yes,included_in_cv
train/Clay soil/Clay_34.jpg,3,Clay soil,train,48375606f2ce54bdf73f1eb8ffc5996e,c7843685269b79b9,450,yes,yes,included_in_cv
train/Clay soil/Clay_35.jpg,3,Clay soil,train,4a63833283ff114e5f2f61b1aa08c660,8b00069b5be9e8fd,451,yes,yes,included_in_cv
train/Clay soil/Clay_36.jpg,3,Clay soil,train,29d19707569a4ebbeb890a8724c2d735,80c20bf46adb755b,452,yes,yes,included_in_cv
train/Clay soil/Clay_37.jpg,3,Clay soil,train,867a6dc0dcd9d51cf9181cb22819f8ab,8cf489293ed9491f,453,yes,yes,included_in_cv
train/Clay soil/Clay_38.jpg,3,Clay soil,train,da1237d191dc23b091ab6e4d7222e42a,f030929f7c4bd2d1,454,yes,yes,included_in_cv
train/Clay soil/Clay_39.jpg,3,Clay soil,train,4d7a73492544a28e9b7db4876d3efc9a,cf97418d7aa24ce1,455,yes,yes,included_in_cv
train/Clay soil/Clay_4.jpg,3,Clay soil,train,b08faf4ee3360011a00e5ca14e839274,c453f72cb51fb00a,456,yes,yes,included_in_cv
train/Clay soil/Clay_40.jpg,3,Clay soil,train,b04e7c36f79442e9b4f5843955cb45cc,aaea95d0c4dbc4d4,457,yes,yes,included_in_cv
train/Clay soil/Clay_41.jpg,3,Clay soil,train,95b53271873f550189082134f17672db,c3caf40cbb4422fd,458,yes,yes,included_in_cv
train/Clay soil/Clay_42.jpg,3,Clay soil,train,efef21704d09ec758ba21e92215ea27a,c297399c57947a85,459,yes,yes,included_in_cv
train/Clay soil/Clay_43.jpg,3,Clay soil,train,67c2b5533735900d2da2dd05565770e5,d5b15e71264c7b06,460,yes,yes,included_in_cv
train/Clay soil/Clay_44.jpg,3,Clay soil,train,5a551b3b2159f331a47b4868f73bcf6c,819e5f117f8479b0,461,yes,yes,included_in_cv
train/Clay soil/Clay_45.jpg,3,Clay soil,train,84f666903de177b9945e2de0001fd64c,849b00fbfa0b90fb,462,yes,yes,included_in_cv
train/Clay soil/Clay_46.jpg,3,Clay soil,train,9f54411dc8fb5bc79958a5e690ddc407,bf907991618a66dc,463,yes,yes,included_in_cv
train/Clay soil/Clay_47.jpg,3,Clay soil,train,aeaa3df80e6cf7de2f48edb84aaba82f,cdb4e277ab668031,464,yes,yes,included_in_cv
train/Clay soil/Clay_5.jpg,3,Clay soil,train,498a979ac882636deff6783c7dd5b026,86b0fa15d0fe07e2,465,yes,yes,included_in_cv
train/Clay soil/Clay_6.jpg,3,Clay soil,train,839488cb5718e6c267aa768b325ef7c2,8ba5648965a374fc,466,yes,yes,included_in_cv
train/Clay soil/Clay_8.jpg,3,Clay soil,train,7d3c8a265f6c3379afaeab96d74150f1,90de45946b167e65,449,no,yes,included_in_cv
train/Clay soil/Clay_Soil.jpg,3,Clay soil,train,d06a1f09d50ffa96cc2162116ea8fad3,843b198d7ba59965,467,yes,yes,included_in_cv
train/Clay soil/Clayey-Soil-img.jpg,3,Clay soil,train,d005f04fb76dcf78f68ba39528549499,87bd0b90e4e3b4d1,468,yes,yes,included_in_cv
train/Clay soil/Copy of 91714675-background-of-red-clay-the-real-desert-soil.jpg,3,Clay soil,train,d78177f4523e2df111904fea1b5d12be,c095252f27dfaba0,427,no,yes,included_in_cv
train/Clay soil/Copy of AdobeStock_277261663.jpg,3,Clay soil,train,6a3cc3b9bf4a83cfa99c49fbca2c8fb2,f4eb093b0ac90d76,140,no,no,excluded_cross_class_duplicate_conflict
train/Clay soil/Copy of Bamboo_for_clay_soil_main.jpg,3,Clay soil,train,2703d5cb70341a1aea050f6689384a28,cc67502ec7dceb04,429,no,yes,included_in_cv
train/Clay soil/Copy of Clay-Soil(2).jpg,3,Clay soil,train,249b7b4cf7a227fcc3e6bd7be17a5d17,c4ad1eea6a6a68c5,430,no,yes,included_in_cv
train/Clay soil/Copy of Clay_Soil.jpg,3,Clay soil,train,d06a1f09d50ffa96cc2162116ea8fad3,843b198d7ba59965,467,no,yes,included_in_cv
train/Clay soil/Copy of Clayey-Soil-img.jpg,3,Clay soil,train,d005f04fb76dcf78f68ba39528549499,87bd0b90e4e3b4d1,468,no,yes,included_in_cv
train/Clay soil/Copy of Copy of Shovel-In-Clay-1-of-1-600x409.jpg,3,Clay soil,train,4ca86312d1cb889e482578e3df8e98e3,f716d5c924d2881f,469,yes,yes,included_in_cv
train/Clay soil/Copy of Heres-How-To-Improve-Your-Clay-Soil-the-Easy-Way-FI.jpg,3,Clay soil,train,cbab876288b3381d2ac8db0709a64255,80c631cf65d933e9,470,yes,yes,included_in_cv
train/Clay soil/Copy of Sample1.0.jpg,3,Clay soil,train,bc26a0792622e972862bf325e05e6e27,cd1873213ae7166e,471,yes,yes,included_in_cv
train/Clay soil/Copy of Sample1.120.jpg,3,Clay soil,train,45ad945588e28845493ceefdd64a8a42,86d979e6963829c3,472,yes,yes,included_in_cv
train/Clay soil/Copy of Sample1.150.jpg,3,Clay soil,train,0d437828567c172a28abf5be15a956df,8c93734dbab0c46b,473,yes,yes,included_in_cv
train/Clay soil/Copy of Sample1.180.jpg,3,Clay soil,train,3fc591061bac1c662bb64d648f48e600,98b2278b6f4d47c4,474,yes,yes,included_in_cv
train/Clay soil/Copy of Sample1.30.jpg,3,Clay soil,train,1fb430dbcf8ffc3cf919a2e63cb31f4f,8c36633933cdcc36,475,yes,yes,included_in_cv
train/Clay soil/Copy of Sample1.60.jpg,3,Clay soil,train,f844e907f02502d60c50f906886da676,9b667839ccc73c24,476,yes,yes,included_in_cv
train/Clay soil/Copy of Sample1.90.jpg,3,Clay soil,train,9d67deeaba7a3f65e35449e0a232e490,845a3d95c9782f4b,477,yes,yes,included_in_cv
train/Clay soil/Copy of Sample12.0.jpg,3,Clay soil,train,3cc9e625f5566b01bd74238ad3121550,97b7785a71486349,478,yes,yes,included_in_cv
train/Clay soil/Copy of Sample12.120.jpg,3,Clay soil,train,8d755399c4b78cca04c92be2e364c7e4,cac23d3dd2e0cb07,479,yes,yes,included_in_cv
train/Clay soil/Copy of Sample12.180.jpg,3,Clay soil,train,dea21a9d70b6bc9ecaf2be13f5b643db,c21f2df034e236e3,480,yes,yes,included_in_cv
train/Clay soil/Copy of Sample12.30.jpg,3,Clay soil,train,64434f513b635206b01e469c297f22e5,9b9b616de6648e06,481,yes,yes,included_in_cv
train/Clay soil/Copy of Sample12.60.jpg,3,Clay soil,train,7960fc76e439ef3516925162a71a6583,9ecc6c31b3339a83,482,yes,yes,included_in_cv
train/Clay soil/Copy of Sample2.0.jpg,3,Clay soil,train,cd3f18cc79cb9e2ae4f1df48014b423b,c7c7603e9e3071c9,483,yes,yes,included_in_cv
train/Clay soil/Copy of Sample2.120.jpg,3,Clay soil,train,7fdb17668cb9235472efb1236d52edd3,cf3832c799cc6631,484,yes,yes,included_in_cv
train/Clay soil/Copy of Sample2.150.jpg,3,Clay soil,train,63dfd138be2ca5159c500b5229e6248c,cd3336cc93cc3436,485,yes,yes,included_in_cv
train/Clay soil/Copy of Sample2.180.jpg,3,Clay soil,train,699fb34275f41439b16c0445cd77660a,926d7594cb9a2563,486,yes,yes,included_in_cv
train/Clay soil/Copy of Sample2.30.jpg,3,Clay soil,train,8f8d1ef9222e33141b1e986c1a4f4e87,c9c3363c99c3e38c,487,yes,yes,included_in_cv
train/Clay soil/Copy of Sample2.60.jpg,3,Clay soil,train,e94c6e39b641af5ded2b4f98275eb284,c9c1363ec1e23c9d,488,yes,yes,included_in_cv
train/Clay soil/Copy of Sample2.90.jpg,3,Clay soil,train,f4bbac047542c34a4b71353f5bf41e1d,c93c36e11927d83e,489,yes,yes,included_in_cv
train/Clay soil/Copy of Sample3.0.jpg,3,Clay soil,train,eaab76b21603a757dd82adaa8d3634bd,96b6b30924e0f7f0,490,yes,yes,included_in_cv
train/Clay soil/Copy of Sample3.120.jpg,3,Clay soil,train,b3289bb793a95a9c80de3f556ee0b135,d1633c0d61d26eda,491,yes,yes,included_in_cv
train/Clay soil/Copy of Sample3.150.jpg,3,Clay soil,train,55645e94585c4e3a4a7aa3d164a31b9d,d14d3ea7e31603f0,492,yes,yes,included_in_cv
train/Clay soil/Copy of Sample3.180.jpg,3,Clay soil,train,0d21806f6dcdec9a8a6907ea66271243,c71ce6a3754a82da,493,yes,yes,included_in_cv
train/Clay soil/Copy of Sample3.30.jpg,3,Clay soil,train,ba3b3b028c66f9ac3d5bf5877568a6a4,d09a3ff06667128d,494,yes,yes,included_in_cv
train/Clay soil/Copy of Sample3.60.jpg,3,Clay soil,train,7ac137bb7dcd82f03f0515af2bf66fd8,cc9c6cf035216b8f,495,yes,yes,included_in_cv
train/Clay soil/Copy of Sample3.90.jpg,3,Clay soil,train,3935566b3e30e077a9cbe109732abe0e,e6f86d1c10b5e0cd,496,yes,yes,included_in_cv
train/Clay soil/Copy of clay-260nw-614429543.jpg,3,Clay soil,train,ba5d48f1d2a7c11df36c10fea556f90e,f45fb554c428a70d,57,no,no,excluded_cross_class_duplicate_conflict
train/Clay soil/Copy of clay-soil-cropped.jpg,3,Clay soil,train,248e6d0a4db51654f79fca354fd0649c,9e9b4168fa9c126b,497,yes,yes,included_in_cv
train/Clay soil/Copy of clay-soil-cut-red-color-clay-clay-soil-cut-red-color-clay-184254602.jpg,3,Clay soil,train,f51686736814768afd9a179d74b3bdaa,cbbe4de21129a55a,498,yes,yes,included_in_cv
train/Clay soil/Copy of clay-soil.jpg,3,Clay soil,train,02c5e469af868dd5660c60424be42284,95929cb74d986751,442,no,yes,included_in_cv
train/Clay soil/Copy of clay-soil2.jpg,3,Clay soil,train,7b72e407c5fe1fefb941f7daf6792f9f,f6ff31547830d904,499,yes,yes,included_in_cv
train/Clay soil/Copy of clay-soils-2.jpg,3,Clay soil,train,365e2df2e7a8bdfe3bef4560fd85f29d,a36a2580e9fc2cf3,500,yes,yes,included_in_cv
train/Clay soil/Copy of clay.jpg,3,Clay soil,train,56b7beb7fb9c8fa484b68ee39e400887,807d62839b369bb6,501,yes,yes,included_in_cv
train/Clay soil/Copy of cracked-clay-soil-12498989(1).jpg,3,Clay soil,train,98f6536790600c1231567abc68472fa6,ce33ecd50231eca9,431,no,yes,included_in_cv
train/Clay soil/Copy of depositphotos_5508133-stock-photo-dry-red-clay-soil-texture.jpg,3,Clay soil,train,eb8bc41943abdd0c08d975da4f57c7b9,84d932d471a7987b,502,yes,yes,included_in_cv
train/Clay soil/Copy of drought-964339_1920(1).jpg,3,Clay soil,train,d16b93938a7ec432c1cde4f9b6b16ef4,e8e8243496537a7b,503,yes,yes,included_in_cv
train/Clay soil/Copy of dry-clay-soil-in-lanzarote-M4A2DW(1).jpg,3,Clay soil,train,04c87ef1f62542e72c0b61ba80cf609c,88d7668c4fc3788b,504,yes,yes,included_in_cv
train/Clay soil/Copy of dry-clay-soil-in-lanzarote-M4A2DW.jpg,3,Clay soil,train,04c87ef1f62542e72c0b61ba80cf609c,88d7668c4fc3788b,504,no,yes,included_in_cv
train/Clay soil/Copy of e2913e6eff5701c471f4dddbe7f66c92(1).jpg,3,Clay soil,train,019cdbf85826dd11fbb88cc8e9d7faef,825a79777365e007,505,yes,yes,included_in_cv
train/Clay soil/Copy of e2913e6eff5701c471f4dddbe7f66c92.jpg,3,Clay soil,train,019cdbf85826dd11fbb88cc8e9d7faef,825a79777365e007,505,no,yes,included_in_cv
train/Clay soil/Copy of image21(1).jpeg,3,Clay soil,train,5c67e7fea887f28fd489c88671ed435d,9e9b4168fa9c126b,497,no,yes,included_in_cv
train/Clay soil/Copy of image23 (2)(1).jpeg,3,Clay soil,train,f64f288cc7b17e5a3cae35c19d546065,d2b615786882cbf9,506,yes,yes,included_in_cv
train/Clay soil/Copy of image23 (2).jpeg,3,Clay soil,train,f64f288cc7b17e5a3cae35c19d546065,d2b615786882cbf9,506,no,yes,included_in_cv
train/Clay soil/Copy of image6.jpeg,3,Clay soil,train,bdb36d4fa1918bd0903923502911eec2,8207af719152f9ad,507,yes,yes,included_in_cv
train/Clay soil/Copy of images22(1).jpg,3,Clay soil,train,d6bc31fe93dadc700c0c8838d438784e,84d932d471a7987b,502,no,yes,included_in_cv
train/Clay soil/Copy of images34(1).jpg,3,Clay soil,train,49363b99f25518aae1a67c4146380259,80c631cf65d933e9,470,no,yes,included_in_cv
train/Clay soil/Copy of images34.jpg,3,Clay soil,train,49363b99f25518aae1a67c4146380259,80c631cf65d933e9,470,no,yes,included_in_cv
train/Clay soil/Copy of images407(1).jpg,3,Clay soil,train,0ab928cbe11c71776664ec9c70f83450,e4919b6a9435c667,508,yes,yes,included_in_cv
train/Clay soil/Copy of images407.jpg,3,Clay soil,train,0ab928cbe11c71776664ec9c70f83450,e4919b6a9435c667,508,no,yes,included_in_cv
train/Clay soil/Copy of images43.jpg,3,Clay soil,train,f223087dcb3517e30824966a59548ab4,a36a2580e9fc2cf3,500,no,yes,included_in_cv
train/Clay soil/Copy of images72.jpg,3,Clay soil,train,871de09d815209775707968dcd1ad68d,87bd0b90e4e3b4d1,468,no,yes,included_in_cv
train/Clay soil/Copy of images76(1).jpg,3,Clay soil,train,ba441f12d16bb49abcac884633c4769b,f10495db6ed6cc0a,509,yes,yes,included_in_cv
train/Clay soil/Copy of plants-clay-soil-intro.jpg,3,Clay soil,train,037f59d530819a2126e4ae0ce7ec624f,91393c7d716062e7,510,yes,yes,included_in_cv
train/Clay soil/Copy of red-clay-soil-closeup-red-clay-soil-closeup-as-natural-background-98921605.jpg,3,Clay soil,train,4a80b3e42bc8b79db73ef3bce21b4327,c1aa2e7a175f4692,511,yes,yes,included_in_cv
train/Clay soil/Copy of red-clay-soil-closeup-red-clay-soil-closeup-as-natural-background-989216052.jpg,3,Clay soil,train,e1e3432f9f174da2a679fccb9452d4f6,c17a8f7892579e42,512,yes,yes,included_in_cv
train/Clay soil/Heres-How-To-Improve-Your-Clay-Soil-the-Easy-Way-FI.jpg,3,Clay soil,train,cbab876288b3381d2ac8db0709a64255,80c631cf65d933e9,470,no,yes,included_in_cv
train/Clay soil/Sample1.120.jpg,3,Clay soil,train,45ad945588e28845493ceefdd64a8a42,86d979e6963829c3,472,no,yes,included_in_cv
train/Clay soil/Sample1.150.jpg,3,Clay soil,train,0d437828567c172a28abf5be15a956df,8c93734dbab0c46b,473,no,yes,included_in_cv
train/Clay soil/Sample1.180.jpg,3,Clay soil,train,3fc591061bac1c662bb64d648f48e600,98b2278b6f4d47c4,474,no,yes,included_in_cv
train/Clay soil/Sample1.30.jpg,3,Clay soil,train,1fb430dbcf8ffc3cf919a2e63cb31f4f,8c36633933cdcc36,475,no,yes,included_in_cv
train/Clay soil/Sample1.60.jpg,3,Clay soil,train,f844e907f02502d60c50f906886da676,9b667839ccc73c24,476,no,yes,included_in_cv
train/Clay soil/Sample1.90.jpg,3,Clay soil,train,9d67deeaba7a3f65e35449e0a232e490,845a3d95c9782f4b,477,no,yes,included_in_cv
train/Clay soil/Sample2.120.jpg,3,Clay soil,train,7fdb17668cb9235472efb1236d52edd3,cf3832c799cc6631,484,no,yes,included_in_cv
train/Clay soil/Sample2.150.jpg,3,Clay soil,train,63dfd138be2ca5159c500b5229e6248c,cd3336cc93cc3436,485,no,yes,included_in_cv
train/Clay soil/Sample2.30.jpg,3,Clay soil,train,8f8d1ef9222e33141b1e986c1a4f4e87,c9c3363c99c3e38c,487,no,yes,included_in_cv
train/Clay soil/Sample2.60.jpg,3,Clay soil,train,e94c6e39b641af5ded2b4f98275eb284,c9c1363ec1e23c9d,488,no,yes,included_in_cv
train/Clay soil/Sample2.90.jpg,3,Clay soil,train,f4bbac047542c34a4b71353f5bf41e1d,c93c36e11927d83e,489,no,yes,included_in_cv
train/Clay soil/Sample3.0.jpg,3,Clay soil,train,eaab76b21603a757dd82adaa8d3634bd,96b6b30924e0f7f0,490,no,yes,included_in_cv
train/Clay soil/Sample3.120.jpg,3,Clay soil,train,b3289bb793a95a9c80de3f556ee0b135,d1633c0d61d26eda,491,no,yes,included_in_cv
train/Clay soil/Sample3.180.jpg,3,Clay soil,train,0d21806f6dcdec9a8a6907ea66271243,c71ce6a3754a82da,493,no,yes,included_in_cv
train/Clay soil/Sample3.30.jpg,3,Clay soil,train,ba3b3b028c66f9ac3d5bf5877568a6a4,d09a3ff06667128d,494,no,yes,included_in_cv
train/Clay soil/Sample3.60.jpg,3,Clay soil,train,7ac137bb7dcd82f03f0515af2bf66fd8,cc9c6cf035216b8f,495,no,yes,included_in_cv
train/Clay soil/Sample3.90.jpg,3,Clay soil,train,3935566b3e30e077a9cbe109732abe0e,e6f86d1c10b5e0cd,496,no,yes,included_in_cv
train/Clay soil/Shovel-In-Clay-1-of-1-600x409.jpg,3,Clay soil,train,4ca86312d1cb889e482578e3df8e98e3,f716d5c924d2881f,469,no,yes,included_in_cv
train/Clay soil/arid-clay-soil-sun-desert-260nw-1672414813.jpg,3,Clay soil,train,f7b89dc218a5b23f0b259c8e215460e2,904fce46bd07ab19,513,yes,yes,included_in_cv
train/Clay soil/aug_0_1094.jpg,3,Clay soil,train,c382f9bdd8e24eec445a6f07aaccb97a,963c65cd39e66b20,514,yes,yes,included_in_cv
train/Clay soil/aug_0_1130.jpg,3,Clay soil,train,ad34a6155092ddf12d0be3aa391363d7,918f388873479d6d,515,yes,yes,included_in_cv
train/Clay soil/aug_0_1132.jpg,3,Clay soil,train,fb0cf74d9ccb88aa8b8d8009157e7fb4,9ab5c8a4a71ac1f9,516,yes,yes,included_in_cv
train/Clay soil/aug_0_1406.jpg,3,Clay soil,train,5cf2443d37616efdfca432ce7dea91fa,c5526e4d64f3951c,517,yes,yes,included_in_cv
train/Clay soil/aug_0_143.jpg,3,Clay soil,train,81cbc07a1f0256954d2c5859fa484d80,c46ea526e93fc268,518,yes,yes,included_in_cv
train/Clay soil/aug_0_1480.jpg,3,Clay soil,train,c9952235f15615899b7afcaf1b1f9fc7,c6996e99a67ad224,519,yes,yes,included_in_cv
train/Clay soil/aug_0_1566.jpg,3,Clay soil,train,54f10bf6252c9b9366e3e4adcd17c664,d7e439c233cc7107,520,yes,yes,included_in_cv
train/Clay soil/aug_0_1589.jpg,3,Clay soil,train,001eaa13efe030eca668f2d3b05c27c7,809b6e27576e1a0f,521,yes,yes,included_in_cv
train/Clay soil/aug_0_1817.jpg,3,Clay soil,train,7f21aa334a1783c9361ce4c9ec717b03,c1ef0b6b49d90dc8,522,yes,yes,included_in_cv
train/Clay soil/aug_0_2056.jpg,3,Clay soil,train,09d46ecf4e860c3ad3ddc86948733dc2,f18e31af9c2342d9,523,yes,yes,included_in_cv
train/Clay soil/aug_0_2308.jpg,3,Clay soil,train,6ac72f18238ca90a493bb4f97f8458cc,a7db4c323be4ce01,524,yes,yes,included_in_cv
train/Clay soil/aug_0_2379.jpg,3,Clay soil,train,9fc71c4ba94c5c854fcc44d10a519d7a,95ee672566a9542c,525,yes,yes,included_in_cv
train/Clay soil/aug_0_252.jpg,3,Clay soil,train,befdfb8fb362479e392b9fd23f5fb48e,91866eacca5d39b1,526,yes,yes,included_in_cv
train/Clay soil/aug_0_2677.jpg,3,Clay soil,train,7db089815796e7c349e99477a84e8148,d2e63cce39072b4a,527,yes,yes,included_in_cv
train/Clay soil/aug_0_2682.jpg,3,Clay soil,train,609d15c9aeb741afa673111d6f61d7eb,a6d9c573380cce33,528,yes,yes,included_in_cv
train/Clay soil/aug_0_2830.jpg,3,Clay soil,train,8dfeaa2c4784e763f510c516f739687f,97cd22d9c7f38c04,529,yes,yes,included_in_cv
train/Clay soil/aug_0_2987.jpg,3,Clay soil,train,c456d8498d46cfed90eeea81c8aa3c0b,ddd620d3d809ed43,530,yes,yes,included_in_cv
train/Clay soil/aug_0_3050.jpg,3,Clay soil,train,13c14b38b5e6b407be5262f065b49d7a,92b9a8f25388e13f,531,yes,yes,included_in_cv
train/Clay soil/aug_0_3130.jpg,3,Clay soil,train,13d9c55518708b8fe4ef870a13701cce,f08639239fb966e0,532,yes,yes,included_in_cv
train/Clay soil/aug_0_3206.jpg,3,Clay soil,train,e502614f04f672f277a8a8e970f5b8e9,95e85b35560ae17c,533,yes,yes,included_in_cv
train/Clay soil/aug_0_340.jpg,3,Clay soil,train,e81448e8bb2221a7417f78eb443ca411,91c7778cb86d23e0,534,yes,yes,included_in_cv
train/Clay soil/aug_0_3491.jpg,3,Clay soil,train,bb1c765cd43664c3f57cd87c2ed4e5e7,9abd0b335187b343,535,yes,yes,included_in_cv
train/Clay soil/aug_0_3496.jpg,3,Clay soil,train,36c92d5cce6d9b26992d315472d054f8,92f8a5aa591d41fc,536,yes,yes,included_in_cv
train/Clay soil/aug_0_354.jpg,3,Clay soil,train,50cfc5be6638f4ff8111fe72301f1627,90ce63b8dc5119af,537,yes,yes,included_in_cv
train/Clay soil/aug_0_3581.jpg,3,Clay soil,train,57bf37126885e5acc63eab284c619db9,c05b598836cf6dac,538,yes,yes,included_in_cv
train/Clay soil/aug_0_3675.jpg,3,Clay soil,train,ed6019993fb8d1aa3adf42cfa2c18eec,81c3efb01ec13b2e,539,yes,yes,included_in_cv
train/Clay soil/aug_0_4075.jpg,3,Clay soil,train,83a7b606f14904f0f3857b7a47fa1572,90cd37996e0fca16,540,yes,yes,included_in_cv
train/Clay soil/aug_0_4113.jpg,3,Clay soil,train,a5d0e4350ca4267bdbe63f041f2f0521,c2bb6c99a4a9936c,541,yes,yes,included_in_cv
train/Clay soil/aug_0_4146.jpg,3,Clay soil,train,dc6ded361247ca26c601368733a7a09a,c29c258ea64adb7a,542,yes,yes,included_in_cv
train/Clay soil/aug_0_445.jpg,3,Clay soil,train,0fc0af8f19061f698946b81a5ae791c0,e38c99a72465599b,543,yes,yes,included_in_cv
train/Clay soil/aug_0_4605.jpg,3,Clay soil,train,f2015cea01fb7ad25c9ebc1210351fb2,c368309e66936dba,544,yes,yes,included_in_cv
train/Clay soil/aug_0_4706.jpg,3,Clay soil,train,3237e604bba5f1ab7011b3e05e8568f0,84d96433999e76b2,545,yes,yes,included_in_cv
train/Clay soil/aug_0_4804.jpg,3,Clay soil,train,4fb223e0b028ab2b2b7aca30f8146efc,91b46c9a62db269d,546,yes,yes,included_in_cv
train/Clay soil/aug_0_4822.jpg,3,Clay soil,train,cee3cc68372fec43b48505ef0f1a026d,d7c837c832cc31cd,547,yes,yes,included_in_cv
train/Clay soil/aug_0_4883.jpg,3,Clay soil,train,f51b7cb1cac30a66eb3bb9880613a2b7,82b96c9b665916ad,548,yes,yes,included_in_cv
train/Clay soil/aug_0_4894.jpg,3,Clay soil,train,a6b69a7d5fbe62e9df48b3af1ddb3cb9,80c871dd60992fef,549,yes,yes,included_in_cv
train/Clay soil/aug_0_5010.jpg,3,Clay soil,train,a6da881e4efa4f33a685f55410765d24,c64e69269a6e13b5,550,yes,yes,included_in_cv
train/Clay soil/aug_0_5076.jpg,3,Clay soil,train,4f12ce69706a4642c101c719f84f9132,919e1cdcf363b019,551,yes,yes,included_in_cv
train/Clay soil/aug_0_5107.jpg,3,Clay soil,train,91d753a0da917e5d127f3f2800ab9450,c69b29cc263ad2dc,552,yes,yes,included_in_cv
train/Clay soil/aug_0_515.jpg,3,Clay soil,train,c43b41bb1688668b5c1f405a18956e71,80c63ecc71791eda,553,yes,yes,included_in_cv
train/Clay soil/aug_0_5189.jpg,3,Clay soil,train,4073c3af779ad00139402aa52cae95ab,91ae3a99795586b8,554,yes,yes,included_in_cv
train/Clay soil/aug_0_5289.jpg,3,Clay soil,train,77493d976ff2f4f094ffb1a17e65231f,9184338caedc65d7,555,yes,yes,included_in_cv
train/Clay soil/aug_0_5571.jpg,3,Clay soil,train,3f75eec7d7f0f61f9c516f276696d281,80cf77cd6399268c,556,yes,yes,included_in_cv
train/Clay soil/aug_0_5613.jpg,3,Clay soil,train,efb0486eb6b7f8f36f947c7cc81677f3,84153df8a22eb0ef,557,yes,yes,included_in_cv
train/Clay soil/aug_0_5616.jpg,3,Clay soil,train,120b2355f1db537c9fba7031cbc71536,d6cc31cd334cf511,558,yes,yes,included_in_cv
train/Clay soil/aug_0_5667.jpg,3,Clay soil,train,04306c135dd205d07ff30446efb042b2,d9486ca6536dd629,559,yes,yes,included_in_cv
train/Clay soil/aug_0_5676.jpg,3,Clay soil,train,6490a78828c373461bf614e0eed25ca0,90cee37178cea6a4,560,yes,yes,included_in_cv
train/Clay soil/aug_0_5802.jpg,3,Clay soil,train,aa5798b95c1e2104a07c6397d196bafa,8cc510e7aba8bb72,561,yes,yes,included_in_cv
train/Clay soil/aug_0_6001.jpg,3,Clay soil,train,9925e79f2ae8dc21708b31695a3e22c6,91cc21d8e7705e1f,562,yes,yes,included_in_cv
train/Clay soil/aug_0_6077.jpg,3,Clay soil,train,1481bc64138bbb77c24d12e0b8535c31,d0de32cc33ce31c6,563,yes,yes,included_in_cv
train/Clay soil/aug_0_6220.jpg,3,Clay soil,train,cfa597294de31de59368d6dcbe8766a0,86996ec8934d5796,564,yes,yes,included_in_cv
train/Clay soil/aug_0_6258.jpg,3,Clay soil,train,c3e87e5667eaf995a6d4d9c5c116dada,d38c7167cc82a6ae,565,yes,yes,included_in_cv
train/Clay soil/aug_0_6293.jpg,3,Clay soil,train,5108658c82213674992263e4157a45ba,c0996d99a4f9722d,566,yes,yes,included_in_cv
train/Clay soil/aug_0_6300.jpg,3,Clay soil,train,c4a8ec80f1bb7e946cca68419f7764f3,c1ad2969ec4c65ec,567,yes,yes,included_in_cv
train/Clay soil/aug_0_6571.jpg,3,Clay soil,train,063300267ee121664e5c0da903124d4d,c5993765cd6a62a8,568,yes,yes,included_in_cv
train/Clay soil/aug_0_6758.jpg,3,Clay soil,train,f46c1d58ecbc99bd31d1ffe18b0bf163,91b86a3379953372,569,yes,yes,included_in_cv
train/Clay soil/aug_0_6917.jpg,3,Clay soil,train,7446d230047b34f02d91fe0b809fe9c0,c2987366b9b1e44d,570,yes,yes,included_in_cv
train/Clay soil/aug_0_7087.jpg,3,Clay soil,train,5d1f1166689189035882aefd51be6427,d5d65b81245bcf21,571,yes,yes,included_in_cv
train/Clay soil/aug_0_7171.jpg,3,Clay soil,train,fcef3336ac2eef423cb53714b3b64647,d5b626b5394b6e08,572,yes,yes,included_in_cv
train/Clay soil/aug_0_7270.jpg,3,Clay soil,train,81f5ea0c2245f38974d41bccf2bf8361,838a77d867a93741,573,yes,yes,included_in_cv
train/Clay soil/aug_0_7292.jpg,3,Clay soil,train,db1e719788e44b278e8079c9a8e429ba,cd9164d932dade28,574,yes,yes,included_in_cv
train/Clay soil/aug_0_736.jpg,3,Clay soil,train,4eebc3f3e698db01b0d2a2d951ff738f,dd5259c936c26d2c,575,yes,yes,included_in_cv
train/Clay soil/aug_0_7636.jpg,3,Clay soil,train,767c891378e786cc14fa157f07db0a38,c1ee562656fa2652,576,yes,yes,included_in_cv
train/Clay soil/aug_0_7710.jpg,3,Clay soil,train,78d6717360cf74248f13424facfba0bf,82cffef10dc205b8,577,yes,yes,included_in_cv
train/Clay soil/aug_0_7737.jpg,3,Clay soil,train,f94c57079d3cd09cce5091beaf62410c,93ce73309877332c,578,yes,yes,included_in_cv
train/Clay soil/aug_0_7884.jpg,3,Clay soil,train,1e2880a2180017600314ed587f5f20d3,973d070b4f078e0f,579,yes,yes,included_in_cv
train/Clay soil/aug_0_8046.jpg,3,Clay soil,train,35f4d21b01d3c5115c0586666f33d187,c769654631d94727,580,yes,yes,included_in_cv
train/Clay soil/aug_0_8078.jpg,3,Clay soil,train,29ee94f3232fd3b8679f8992c8c5209f,83af72552ac1c3bc,581,yes,yes,included_in_cv
train/Clay soil/aug_0_815.jpg,3,Clay soil,train,431d9e16d564f8429c81a778352a5718,8383bf542d8b708f,582,yes,yes,included_in_cv
train/Clay soil/aug_0_8222.jpg,3,Clay soil,train,4417ac92b9b0ad9e709e1ddc591d903a,98ce71b968231f8b,583,yes,yes,included_in_cv
train/Clay soil/aug_0_8380.jpg,3,Clay soil,train,4ec723a375892474bda151a546a89f24,c76a6d33934ca315,584,yes,yes,included_in_cv
train/Clay soil/aug_0_8414.jpg,3,Clay soil,train,bcba270b6aa91597c597088d04a9cbba,f38c316e98b4549b,585,yes,yes,included_in_cv
train/Clay soil/aug_0_8443.jpg,3,Clay soil,train,7c27c52b0b01381b8f359731d5149f89,90cc73896e8e98fa,586,yes,yes,included_in_cv
train/Clay soil/aug_0_8488.jpg,3,Clay soil,train,2f52a0071a5c412a80eaac54044e7a42,80c175b83eeafa68,587,yes,yes,included_in_cv
train/Clay soil/aug_0_8541.jpg,3,Clay soil,train,a45c7731e0771ad3bc5ea4eae4575cde,d1879cb1336a4c5d,588,yes,yes,included_in_cv
train/Clay soil/aug_0_8586.jpg,3,Clay soil,train,10b1c317cb3a9e7cab9aa799d6ed63c3,88c339c3df8e265c,589,yes,yes,included_in_cv
train/Clay soil/aug_0_8647.jpg,3,Clay soil,train,bb3336f3132fc5712e93db4c817f4957,90ce31dcc773c6c1,590,yes,yes,included_in_cv
train/Clay soil/aug_0_8659.jpg,3,Clay soil,train,757c51967cff22bdde5ea4582e94e674,80c537cc4fc326fa,591,yes,yes,included_in_cv
train/Clay soil/aug_0_8774.jpg,3,Clay soil,train,dc1c7139207402a5042a02a10037d78b,e6d97633c8119dc4,592,yes,yes,included_in_cv
train/Clay soil/aug_0_8781.jpg,3,Clay soil,train,c984dd04b33254a98b1d073752d8e521,d9505a7f64946bc4,593,yes,yes,included_in_cv
train/Clay soil/aug_0_9015.jpg,3,Clay soil,train,7cb1382dea42b69417128ec5a865b9b2,80e139c23e1e73dd,594,yes,yes,included_in_cv
train/Clay soil/aug_0_9080.jpg,3,Clay soil,train,eecd2122c7e8c8f3a06db0337cda8aa2,d4db4dcc12a164bd,595,yes,yes,included_in_cv
train/Clay soil/aug_0_9196.jpg,3,Clay soil,train,4c8c99027be4fe45594453b66e8b57f5,8450a7ab3b575475,596,yes,yes,included_in_cv
train/Clay soil/aug_0_9300.jpg,3,Clay soil,train,95f225079170e238178300c3e91fe856,add60b6457d9e026,597,yes,yes,included_in_cv
train/Clay soil/aug_0_9478.jpg,3,Clay soil,train,e2279ca22b53fe91ca4f3617e8d00b27,d0a578eb5fb34920,598,yes,yes,included_in_cv
train/Clay soil/aug_0_9513.jpg,3,Clay soil,train,cde2ef2c075bb516a67a1a661feecc15,90c4334a9f9e64bd,599,yes,yes,included_in_cv
train/Clay soil/aug_0_9648.jpg,3,Clay soil,train,3497e1d0a627a198cea9c97ef913eedc,88031c1c7ba2fe5f,600,yes,yes,included_in_cv
train/Clay soil/aug_0_9724.jpg,3,Clay soil,train,699b0e2379579edb5fb0d865fdcc4bd0,90c96711df4f99d0,601,yes,yes,included_in_cv
train/Clay soil/aug_0_9880.jpg,3,Clay soil,train,13a3517a73923c07904c1a41609981a8,82c36ef50dca607d,602,yes,yes,included_in_cv
train/Clay soil/aug_0_9891.jpg,3,Clay soil,train,b911bb20f6c3eb939f2c672123a843c0,c4d36ed94d0928f6,603,yes,yes,included_in_cv
train/Clay soil/aug_0_9930.jpg,3,Clay soil,train,e169f5f84a132ad1c66b75df120b367e,82230343acf8fcfd,604,yes,yes,included_in_cv
train/Clay soil/aug_0_9933.jpg,3,Clay soil,train,6c7d345c5b97f0d683af3287fed22900,933b74e34cb0463d,605,yes,yes,included_in_cv
train/Clay soil/aug_0_9972.jpg,3,Clay soil,train,3c6a6ffaacf6a02c6ffb9b1250817cbc,d1b501214bb6b3ee,606,yes,yes,included_in_cv
train/Clay soil/brown-dry-soil-background-top-260nw-1403550908.jpg,3,Clay soil,train,267d24606ae4ab2ad0dba8054bff43fc,805fbd12f147ec1a,607,yes,yes,included_in_cv
train/Clay soil/clay-260nw-614429543.jpg,3,Clay soil,train,ba5d48f1d2a7c11df36c10fea556f90e,f45fb554c428a70d,57,no,no,excluded_cross_class_duplicate_conflict
train/Clay soil/clay-soil-260nw-689186767.jpg,3,Clay soil,train,8016bc55eb95ca254a1159ed625972e1,804be31fef32b816,608,yes,yes,included_in_cv
train/Clay soil/clay-soil-close-up-brown-179039817.jpg,3,Clay soil,train,8984584f35638621f0d418c3a615c378,f6542aab77b30312,609,yes,yes,included_in_cv
train/Clay soil/clay-soil-cropped.jpg,3,Clay soil,train,248e6d0a4db51654f79fca354fd0649c,9e9b4168fa9c126b,497,no,yes,included_in_cv
train/Clay soil/clay-soil-cut-red-color-clay-clay-soil-cut-red-color-clay-184254602.jpg,3,Clay soil,train,f51686736814768afd9a179d74b3bdaa,cbbe4de21129a55a,498,no,yes,included_in_cv
train/Clay soil/clay-soil.jpg,3,Clay soil,train,02c5e469af868dd5660c60424be42284,95929cb74d986751,442,no,yes,included_in_cv
train/Clay soil/clay-soil2.jpg,3,Clay soil,train,7b72e407c5fe1fefb941f7daf6792f9f,f6ff31547830d904,499,no,yes,included_in_cv
train/Clay soil/clay-soils-2.jpg,3,Clay soil,train,365e2df2e7a8bdfe3bef4560fd85f29d,a36a2580e9fc2cf3,500,no,yes,included_in_cv
train/Clay soil/clay.jpg,3,Clay soil,train,56b7beb7fb9c8fa484b68ee39e400887,807d62839b369bb6,501,no,yes,included_in_cv
train/Clay soil/closeup-photo-sand-soil-real-260nw-1922365577.jpg,3,Clay soil,train,dbd5f79c05c96ef864666dc79dc48467,9833a45edb0ca63b,610,yes,yes,included_in_cv
train/Clay soil/cracked-clay-soil-12498989.jpg,3,Clay soil,train,98f6536790600c1231567abc68472fa6,ce33ecd50231eca9,431,no,yes,included_in_cv
train/Clay soil/cracked-wet-mud-clay-earth-260nw-1724461723.jpg,3,Clay soil,train,77bb372ed4b65c2744cf925c80a30e8d,bb1ae460e70fe00f,611,yes,yes,included_in_cv
train/Clay soil/depositphotos_5508133-stock-photo-dry-red-clay-soil-texture.jpg,3,Clay soil,train,eb8bc41943abdd0c08d975da4f57c7b9,84d932d471a7987b,502,no,yes,included_in_cv
train/Clay soil/dried-cracked-earth-soil-ground-260nw-519337915.jpg,3,Clay soil,train,fbef73b8149627187bbacd99e6c8005e,8513d358fa5aba43,612,yes,yes,included_in_cv
train/Clay soil/drought-964339_1920.jpg,3,Clay soil,train,d16b93938a7ec432c1cde4f9b6b16ef4,e8e8243496537a7b,503,no,yes,included_in_cv
train/Clay soil/dry-clay-soil-in-lanzarote-M4A2DW.jpg,3,Clay soil,train,04c87ef1f62542e72c0b61ba80cf609c,88d7668c4fc3788b,504,no,yes,included_in_cv
train/Clay soil/e2913e6eff5701c471f4dddbe7f66c92.jpg,3,Clay soil,train,019cdbf85826dd11fbb88cc8e9d7faef,825a79777365e007,505,no,yes,included_in_cv
train/Clay soil/earthquake-vector-damage-cracking-holes-260nw-2121218699.jpg,3,Clay soil,train,8991c99bc2c4719f8bd3f29b43c6bc8f,bc0af41be15ea11e,613,yes,yes,included_in_cv
train/Clay soil/h-plants-grow-a-black-or-dark-brown-material-typically-consisting-1857677119.jpg,3,Clay soil,train,6f720fddd5dd60b83b49a943a5d53396,87fee59e380b5601,614,yes,yes,included_in_cv
train/Clay soil/image23 (2).jpeg,3,Clay soil,train,f64f288cc7b17e5a3cae35c19d546065,d2b615786882cbf9,506,no,yes,included_in_cv
train/Clay soil/image6.jpeg,3,Clay soil,train,bdb36d4fa1918bd0903923502911eec2,8207af719152f9ad,507,no,yes,included_in_cv
train/Clay soil/images22.jpg,3,Clay soil,train,d6bc31fe93dadc700c0c8838d438784e,84d932d471a7987b,502,no,yes,included_in_cv
train/Clay soil/images34.jpg,3,Clay soil,train,49363b99f25518aae1a67c4146380259,80c631cf65d933e9,470,no,yes,included_in_cv
train/Clay soil/images407.jpg,3,Clay soil,train,0ab928cbe11c71776664ec9c70f83450,e4919b6a9435c667,508,no,yes,included_in_cv
train/Clay soil/images43.jpg,3,Clay soil,train,f223087dcb3517e30824966a59548ab4,a36a2580e9fc2cf3,500,no,yes,included_in_cv
train/Clay soil/images72.jpg,3,Clay soil,train,871de09d815209775707968dcd1ad68d,87bd0b90e4e3b4d1,468,no,yes,included_in_cv
train/Clay soil/images76.jpg,3,Clay soil,train,ba441f12d16bb49abcac884633c4769b,f10495db6ed6cc0a,509,no,yes,included_in_cv
train/Clay soil/layers-earth-clay-pit-260nw-637609642.jpg,3,Clay soil,train,2bec2b239fcf6866bbb66679a5a15634,d05a62c2e455fd47,615,yes,yes,included_in_cv
train/Clay soil/man-working-shovel-clay-260nw-639044377.jpg,3,Clay soil,train,8d5b25782c914893eae37c0abd8403c0,bf1be143b164d60c,616,yes,yes,included_in_cv
train/Clay soil/plants-clay-soil-intro.jpg,3,Clay soil,train,037f59d530819a2126e4ae0ce7ec624f,91393c7d716062e7,510,no,yes,included_in_cv
train/Clay soil/red-clay-soil-closeup-red-clay-soil-closeup-as-natural-background-98921605.jpg,3,Clay soil,train,4a80b3e42bc8b79db73ef3bce21b4327,c1aa2e7a175f4692,511,no,yes,included_in_cv
train/Clay soil/red-dirt-soil-background-texture-260nw-270084698.jpg,3,Clay soil,train,b4b7817496c1ffc9deaea9975f38128c,8119fb4be41abd1a,617,yes,yes,included_in_cv
train/Clay soil/texture-dried-earth-clay-sand-260nw-1344131942.jpg,3,Clay soil,train,842fcb0f13441d01d2a3f2af105af286,d1569551e44bf545,618,yes,yes,included_in_cv
train/Clay soil/textures-ground-stones-green-grass-260nw-2093948488.jpg,3,Clay soil,train,7468e6d4c9fc7f8016eff7d2287e8ce7,f618d75fa64ce401,619,yes,yes,included_in_cv
train/Inceptisol soil/inceptisol-002.jpg,4,Inceptisol soil,train,11d02daba68c68345008822f245e6111,c5cd7a124c1c3b76,620,yes,yes,included_in_cv
train/Inceptisol soil/inceptisol-003.jpg,4,Inceptisol soil,train,c778fc00e501b235f636d80b62d7171f,c02f13d3f959099d,621,yes,yes,included_in_cv
train/Inceptisol soil/inceptisol-004.jpg,4,Inceptisol soil,train,76ed957b3ede70b720e88f266ebd97aa,abd167ea6ac9150a,622,yes,yes,included_in_cv
train/Inceptisol soil/inceptisol-006.jpg,4,Inceptisol soil,train,8737e71960592e019b20821693dd0317,f19f8710e738c370,623,yes,yes,included_in_cv
train/Inceptisol soil/inceptisol-008.jpg,4,Inceptisol soil,train,39ddfdbf8a8b0b545d9cb2464c9ef0f6,e712ca2eb4eb4e22,624,yes,yes,included_in_cv
train/Inceptisol soil/inceptisol-009.jpg,4,Inceptisol soil,train,eb435a916419c63317511f0716dbca2a,c712b76c9e7126c4,625,yes,yes,included_in_cv
train/Inceptisol soil/inceptisol-010.jpg,4,Inceptisol soil,train,cf8f47f2a9ea9fbb699849491d14c812,87422294ff4ad19f,626,yes,yes,included_in_cv
train/Inceptisol soil/inceptisol-011.jpg,4,Inceptisol soil,train,a514b77a3ec411d6180716158fe67a5e,f5640ab3ca0f369c,627,yes,yes,included_in_cv
train/Inceptisol soil/inceptisol-012.jpg,4,Inceptisol soil,train,6f280ad18c52b96cb40bc6ff44290320,d35278222b2e3d9d,628,yes,yes,included_in_cv
train/Inceptisol soil/inceptisol-016.jpg,4,Inceptisol soil,train,80d67ee7d2792cd7f0cbeadab264ac80,c9108e7a2fa77863,629,yes,yes,included_in_cv
train/Inceptisol soil/inceptisol-017.jpg,4,Inceptisol soil,train,56324b9ee158c849280d79ca5577d700,df6814dc91b93117,630,yes,yes,included_in_cv
train/Inceptisol soil/inceptisol-019.jpg,4,Inceptisol soil,train,c57778f1af4c4bb66ea4ab1c34b76746,fe27046e07ae859a,631,yes,yes,included_in_cv
train/Inceptisol soil/inceptisol-022.jpg,4,Inceptisol soil,train,1cb4456d5ed3522110960a5b1014f2a4,d56b44723ab4646b,632,yes,yes,included_in_cv
train/Inceptisol soil/inceptisol-023.jpg,4,Inceptisol soil,train,6c5d2a5b5485a1d88c106204dd66d82e,8fc5eb3353401d39,633,yes,yes,included_in_cv
train/Inceptisol soil/inceptisol-024.jpg,4,Inceptisol soil,train,e04a127031c630163e9a30f92e318b61,cd3a84da582fa78c,634,yes,yes,included_in_cv
train/Inceptisol soil/inceptisol-025.jpg,4,Inceptisol soil,train,cdd2ce3dbda608b2d2db36d88e879f8f,9dbac1f0720d49da,635,yes,yes,included_in_cv
train/Inceptisol soil/inceptisol-026.jpg,4,Inceptisol soil,train,929ac894c2b9fd7fc514f231b8dbe86c,9d45c10f72f24d27,636,yes,yes,included_in_cv
train/Inceptisol soil/inceptisol-028.jpg,4,Inceptisol soil,train,cf971dd0e7b7305ff50c4669c9e430fa,90662fb819b66adc,637,yes,yes,included_in_cv
train/Inceptisol soil/inceptisol-029.jpg,4,Inceptisol soil,train,b1a21d8a394e655386d589918a6402af,90992f471d597e23,638,yes,yes,included_in_cv
train/Inceptisol soil/inceptisol-030.jpg,4,Inceptisol soil,train,255693bfd3fd9335bc2980a8b4c3a6df,c5327aad48e33b89,639,yes,yes,included_in_cv
train/Inceptisol soil/inceptisol-031.jpg,4,Inceptisol soil,train,8b149450978ab70623bf5a1657e4956f,958446798cf35c37,640,yes,yes,included_in_cv
train/Inceptisol soil/inceptisol-032.jpg,4,Inceptisol soil,train,f4bab658ab5d91a86dd0fb259c8688d9,d57b4687bc0c5cc8,641,yes,yes,included_in_cv
train/Inceptisol soil/inceptisol-033.jpg,4,Inceptisol soil,train,970b745c5dc304995f299c532e183984,c0d9132df9b65962,642,yes,yes,included_in_cv
train/Inceptisol soil/inceptisol-034.jpg,4,Inceptisol soil,train,9f3ccbf04f11a2c0ec595b9115349ef7,ff7b32403f7340a0,643,yes,yes,included_in_cv
train/Inceptisol soil/inceptisol-035.jpg,4,Inceptisol soil,train,722a96736d5b382edb9a8f90c0109db4,fe8432af3f88405b,644,yes,yes,included_in_cv
train/Inceptisol soil/inceptisol-036.jpg,4,Inceptisol soil,train,2412eb1d2568884943a0c237feebd3ad,ab2e67156a2615f1,645,yes,yes,included_in_cv
train/Inceptisol soil/inceptisol-037.jpg,4,Inceptisol soil,train,f99996d42521c02020825a8341c9e748,e74589108063ffbe,646,yes,yes,included_in_cv
train/Inceptisol soil/inceptisol-039.jpg,4,Inceptisol soil,train,10ed177e70ee3eda00b6da02ac2be293,a230d847d63eaaab,647,yes,yes,included_in_cv
train/Inceptisol soil/inceptisol-041.jpg,4,Inceptisol soil,train,361dfa1408ef08f231c57bb62ee5b4db,b4cb5245b26d962d,648,yes,yes,included_in_cv
train/Inceptisol soil/inceptisol-043.jpg,4,Inceptisol soil,train,4309015f94da7d8c13f11d81a537e720,adae5435388b78ac,649,yes,yes,included_in_cv
train/Inceptisol soil/inceptisol-046.jpg,4,Inceptisol soil,train,8a11d97a5f0392c520af6e200597d4cf,b0459e7be0961937,650,yes,yes,included_in_cv
train/Inceptisol soil/inceptisol-047.jpg,4,Inceptisol soil,train,26507c2dbe898fdeb0133c143ab44a34,b2ba9f84e1495f88,651,yes,yes,included_in_cv
train/Inceptisol soil/inceptisol-048.jpg,4,Inceptisol soil,train,548b6ad02d5fcd975ccddcfa55318092,e5edcad1b41408dd,652,yes,yes,included_in_cv
train/Inceptisol soil/inceptisol-050.jpg,4,Inceptisol soil,train,9953f3a3b1aedd2db447480cce5fb82c,9247e239cb647395,653,yes,yes,included_in_cv
train/Inceptisol soil/inceptisol-051.jpg,4,Inceptisol soil,train,551a02faa06b88aa23bfa12e8dc2c5ab,c7e9a4929c8e263b,654,yes,yes,included_in_cv
train/Inceptisol soil/inceptisol-052.jpg,4,Inceptisol soil,train,9e4409e45796ced4b588133afc4caa8b,d3e8773aace08435,655,yes,yes,included_in_cv
train/Inceptisol soil/inceptisol-053.jpg,4,Inceptisol soil,train,edd3cab77c8797250e5866ae6cccbe66,86bd226be9b5d160,656,yes,yes,included_in_cv
train/Inceptisol soil/inceptisol-054.jpg,4,Inceptisol soil,train,f4524beb6bc5f14b2266c48e83a07da7,d31777c1ac1f84c8,657,yes,yes,included_in_cv
train/Inceptisol soil/inceptisol-056.jpg,4,Inceptisol soil,train,ca7ab2afe2a617385833f8f80b4135a7,a0325fe69f5a62c8,658,yes,yes,included_in_cv
train/Inceptisol soil/inceptisol-058.jpg,4,Inceptisol soil,train,1ef0ccbc691029b3a9cbfbb52523cfcd,86f835887e876837,659,yes,yes,included_in_cv
train/Inceptisol soil/inceptisol-059.jpg,4,Inceptisol soil,train,434bc8a58af744922bf02c7c53501fd8,860735777e7960c8,660,yes,yes,included_in_cv
train/Inceptisol soil/inceptisol-060.jpg,4,Inceptisol soil,train,03573e707c1fbeceeb97611c63bcabbf,d3ad60dd2bd03562,661,yes,yes,included_in_cv
train/Inceptisol soil/inceptisol-061.jpg,4,Inceptisol soil,train,d70a00a9737f1c3847599a6246412983,d4b426f0a8f431db,662,yes,yes,included_in_cv
train/Inceptisol soil/inceptisol-062.jpg,4,Inceptisol soil,train,3f50fc8c557dfdc6d4ed91e05b7d61b7,d64a370ffc0b3324,663,yes,yes,included_in_cv
train/Inceptisol soil/inceptisol-065.jpg,4,Inceptisol soil,train,66e5bf7fda678e1736bc63f876275d66,f019f3c419f32c8b,664,yes,yes,included_in_cv
train/Inceptisol soil/inceptisol-066.jpg,4,Inceptisol soil,train,ed37ea6f8fc2895fab7860350458653e,a5b3a66e4c597921,665,yes,yes,included_in_cv
train/Inceptisol soil/inceptisol-067.jpg,4,Inceptisol soil,train,cde950905182d033ecbee7f59baba651,d26f9e9907ea4883,666,yes,yes,included_in_cv
train/Inceptisol soil/inceptisol-068.jpg,4,Inceptisol soil,train,563e971d5fee548314d4e8cd2a610144,d290bf6707154c7c,667,yes,yes,included_in_cv
train/Inceptisol soil/inceptisol-071.jpg,4,Inceptisol soil,train,f765c12a7c3da4e0531cebc96d8edec4,9c45db2f72d00d36,668,yes,yes,included_in_cv
train/Inceptisol soil/inceptisol-073.jpg,4,Inceptisol soil,train,b5ea3e5dc83abfa8af80cfdd6f01d76f,8ae24976c51365bd,669,yes,yes,included_in_cv
train/Inceptisol soil/inceptisol-074.jpg,4,Inceptisol soil,train,4999f14784d10507d56b33bb9ba81613,8a3f49c9c5ec6562,670,yes,yes,included_in_cv
train/Inceptisol soil/inceptisol-075.jpg,4,Inceptisol soil,train,dd9f9a9beabe6b56169f455ef5769609,df971c63914631e8,671,yes,yes,included_in_cv
train/Inceptisol soil/inceptisol-076.jpg,4,Inceptisol soil,train,0da53e293f2033e7997a2d3a1015b37f,b8e7e037a159e851,672,yes,yes,included_in_cv
train/Inceptisol soil/inceptisol-078.jpg,4,Inceptisol soil,train,0e2c1df883c8ed805ae4d1e8596d15e1,edb2b562f40cbd04,673,yes,yes,included_in_cv
train/Inceptisol soil/inceptisol-085.jpg,4,Inceptisol soil,train,d00a0409046ce69b419b538f08311187,91991f086e66ef91,674,yes,yes,included_in_cv
train/Inceptisol soil/inceptisol-087.jpg,4,Inceptisol soil,train,42a993b04c6928879a4050d7bfca41e1,c4cc485d3b37bac4,675,yes,yes,included_in_cv
train/Inceptisol soil/inceptisol-091.jpg,4,Inceptisol soil,train,952b666345ca3d055d4b2d4ce5098214,d26f9e9907ea4883,666,no,yes,included_in_cv
train/Inceptisol soil/inceptisol-094.jpg,4,Inceptisol soil,train,ae14e3fe8bfaa39a8adf508c97760eaf,98f0d1702f8df227,676,yes,yes,included_in_cv
train/Inceptisol soil/inceptisol-095.jpg,4,Inceptisol soil,train,e35420f8bddd30725cae9c99fdb9714b,980fd18f0d72f2d8,677,yes,yes,included_in_cv
train/Inceptisol soil/inceptisol-096.jpg,4,Inceptisol soil,train,cbc10f368255a77705853fa27f35254b,cde584255ad0a773,678,yes,yes,included_in_cv
train/Inceptisol soil/inceptisol-103.jpg,4,Inceptisol soil,train,8ec4b9343437165c669f628705ecf482,a56f88d8f9b062cc,679,yes,yes,included_in_cv
train/Inceptisol soil/inceptisol-104.jpg,4,Inceptisol soil,train,a5944123665c69c3b90904b2ee688846,f0c5dd32a49a3726,680,yes,yes,included_in_cv
train/Inceptisol soil/inceptisol-105.jpg,4,Inceptisol soil,train,9bc6be44d487cf5a177de60d4fa47532,f7061d1a5d0b09af,681,yes,yes,included_in_cv
train/Inceptisol soil/inceptisol-106.jpg,4,Inceptisol soil,train,b2e707d5c0e5c275f9b5299ecdff8757,a2af49ba5ca95c07,682,yes,yes,included_in_cv
train/Inceptisol soil/inceptisol-107.jpg,4,Inceptisol soil,train,8355471573e1585263cbee84c8ecd6ec,a25349475c5e5cf8,683,yes,yes,included_in_cv
train/Inceptisol soil/inceptisol-108.jpg,4,Inceptisol soil,train,dd61a6d35f89984aab61aee8f978c201,f7f91ce509f40950,684,yes,yes,included_in_cv
train/Inceptisol soil/inceptisol-110.jpg,4,Inceptisol soil,train,d187f273c681e7231f9e0ccf45fa1837,a3d607cdaed40b64,685,yes,yes,included_in_cv
train/Laterite soil/1.jpg,5,Laterite soil,train,dc0dd3ea2d16cc7b1fa9a480e9fb4105,9609197276f947b2,686,yes,yes,included_in_cv
train/Laterite soil/10.jpg,5,Laterite soil,train,9193b302e4873ec8bce7045241ed669f,d7e583a5aea18721,687,yes,yes,included_in_cv
train/Laterite soil/14.jpg,5,Laterite soil,train,ff11a0a9494af9319577a4491b3252f3,efb9713d0319582c,688,yes,no,excluded_cross_class_duplicate_conflict
train/Laterite soil/16.jpg,5,Laterite soil,train,092e2396558dbe3d7c4f76427fee32ef,f14a9735c6390b9a,689,yes,yes,included_in_cv
train/Laterite soil/18.jpg,5,Laterite soil,train,d7ffa1c30fb28c1e85168a862d92e6fb,c1cd3e493c923d74,690,yes,yes,included_in_cv
train/Laterite soil/19.jpg,5,Laterite soil,train,2383fd5b2a399b0364adca596a27413d,c3ba4f30a56db0b4,691,yes,yes,included_in_cv
train/Laterite soil/2.jpg,5,Laterite soil,train,35a838e4d0aa340948b7845dd2461ee2,8447074bdb6e41ee,692,yes,yes,included_in_cv
train/Laterite soil/20.jpg,5,Laterite soil,train,4b767cc8bd28c131e2c9f836e822af36,d5ab40b5175c46d3,693,yes,yes,included_in_cv
train/Laterite soil/21.jpg,5,Laterite soil,train,b485b749808f1b20d2921127ee1e2dd8,d06ecee58340cf8b,694,yes,yes,included_in_cv
train/Laterite soil/24.jpg,5,Laterite soil,train,1a45fa5e74fab1e6c12994b349b2f4d2,9609197266fd47b2,686,no,yes,included_in_cv
train/Laterite soil/25.jpg,5,Laterite soil,train,dfe1ebe51e4a1496360c52d1c52d806b,c49bbcf8c0a5c5d2,695,yes,no,excluded_cross_class_duplicate_conflict
train/Laterite soil/27.jpg,5,Laterite soil,train,99376988e0c04647dbdb772d6456cc72,81e91f346e437d1c,696,yes,yes,included_in_cv
train/Laterite soil/3.jpg,5,Laterite soil,train,bb3ef33f3a6aa8de6f10e5b8819ce9c0,c5932496c9aef1c5,697,yes,yes,included_in_cv
train/Laterite soil/30.jpg,5,Laterite soil,train,45a028d4ca5dfe30db44c341b4ccd067,8cc46f3b7921362b,698,yes,yes,included_in_cv
train/Laterite soil/4.jpg,5,Laterite soil,train,4a5dcd171972cbd2181a3e21349225f6,cd9a24de7950e358,699,yes,yes,included_in_cv
train/Laterite soil/5.jpg,5,Laterite soil,train,7ba6b1f9525318954e6263b0dd933bf4,96dc683aea6a7d10,700,yes,yes,included_in_cv
train/Laterite soil/6.jpg,5,Laterite soil,train,d06b0685a98f5b5c01f95d505b7c154b,8447074bdb6e41af,692,no,yes,included_in_cv
train/Laterite soil/Laterite_Soil_ (12).jpg,5,Laterite soil,train,9aaacb4f864779ecc9c72949b0a1ce98,d5ab40b5175c46d3,693,no,yes,included_in_cv
train/Laterite soil/Laterite_Soil_ (13).jpg,5,Laterite soil,train,c9e6e7db25053a05319d92e5b91f8fc9,d06ecee58340cf8b,694,no,yes,included_in_cv
train/Laterite soil/Laterite_Soil_ (14).jpg,5,Laterite soil,train,cab5fcb77a73f84f27dfb0c1978c5e5f,8a21b6d7b80dc727,701,yes,yes,included_in_cv
train/Laterite soil/Laterite_Soil_ (15).jpg,5,Laterite soil,train,2b1b6ac96b398b50b01c862331b2f24f,84047d0279efff84,702,yes,yes,included_in_cv
train/Laterite soil/Laterite_Soil_ (18).jpg,5,Laterite soil,train,eff75078e047761024d475a854e4797b,d2d1e9896b859dd0,703,yes,yes,included_in_cv
train/Laterite soil/Laterite_Soil_ (2).jpg,5,Laterite soil,train,2adbb57f10d44e260053768b7e79bf03,d7e583a5aea18721,687,no,yes,included_in_cv
train/Laterite soil/Laterite_Soil_ (21).jpg,5,Laterite soil,train,c2baeed7403758f1648ade1aabb4349e,94a998919b9a575e,704,yes,yes,included_in_cv
train/Laterite soil/Laterite_Soil_ (22).jpg,5,Laterite soil,train,01a825eb3a9c2438e4f558a4789de34f,8cc46f3b7921362b,698,no,yes,included_in_cv
train/Laterite soil/Laterite_Soil_ (23).jpg,5,Laterite soil,train,a893ec84dc7fe0d6cf84052a3afbb5c7,c3a34cd8735f521c,705,yes,yes,included_in_cv
train/Laterite soil/Laterite_Soil_ (24).jpg,5,Laterite soil,train,9a5e4c4fb389b05a14166de4d2fa67d6,8255e60faa0dea9d,706,yes,yes,included_in_cv
train/Laterite soil/Laterite_Soil_ (25).jpg,5,Laterite soil,train,3381f724cd0061160f997dcb1e502baa,80230d1e9f3c957f,707,yes,yes,included_in_cv
train/Laterite soil/Laterite_Soil_ (26).jpg,5,Laterite soil,train,8ad115f67e351748b3f2bb5518aa7277,a524ac2bab6b9297,708,yes,yes,included_in_cv
train/Laterite soil/Laterite_Soil_ (27).jpg,5,Laterite soil,train,ae39118b148488ccad8f766ba7c88e70,8117372b5f90f2e1,709,yes,yes,included_in_cv
train/Laterite soil/Laterite_Soil_ (28).jpg,5,Laterite soil,train,c50f669c7ac8c9c778f8905721170892,ba13249756b58f86,710,yes,yes,included_in_cv
train/Laterite soil/Laterite_Soil_ (30).jpg,5,Laterite soil,train,65e3c166741bc4a019186375c21c43ab,a4e4c69f93935e30,711,yes,yes,included_in_cv
train/Laterite soil/Laterite_Soil_ (31).jpg,5,Laterite soil,train,d7bb6b6865f84e12e6bf16e5f547aace,99b63be95936082e,712,yes,yes,included_in_cv
train/Laterite soil/Laterite_Soil_ (33).jpg,5,Laterite soil,train,7abc89aeb7ffde3c42b9c671dc69ebff,96111a9bf0c7e51e,713,yes,yes,included_in_cv
train/Laterite soil/Laterite_Soil_ (34).jpg,5,Laterite soil,train,a157c782acf628cd2f4fb0cda86fd280,d1ed52e18fc414e5,714,yes,yes,included_in_cv
train/Laterite soil/Laterite_Soil_ (36).jpg,5,Laterite soil,train,0ae8a32c202dbc8accd29197daa73f7c,85c09f6fd6ea9821,715,yes,yes,included_in_cv
train/Laterite soil/Laterite_Soil_ (37).jpg,5,Laterite soil,train,44dd3fa84f65c61bfe1fee0a5f30939b,d78ba37dc5a0908d,716,yes,yes,included_in_cv
train/Laterite soil/Laterite_Soil_ (38).jpg,5,Laterite soil,train,3f6a8c04aa6aa017f4e2e8a4b3b56927,d5aa68aa7c452aae,717,yes,yes,included_in_cv
train/Laterite soil/Laterite_Soil_ (39).jpg,5,Laterite soil,train,5b4ca2ecabf80802179868ef1b559211,c3a34cd8735f521c,705,no,yes,included_in_cv
train/Laterite soil/Laterite_Soil_ (4).jpg,5,Laterite soil,train,a29bd44f5442eb0b17917e05e6cdc023,f08ef981e6c0c71d,718,yes,yes,included_in_cv
train/Laterite soil/Laterite_Soil_ (41).jpg,5,Laterite soil,train,3c5f3caf09cf0d0cdc2d8cdf5d433402,877bb8013a2fc87a,719,yes,yes,included_in_cv
train/Laterite soil/Laterite_Soil_ (44).jpg,5,Laterite soil,train,baf666db38e916742127d773c3a3b691,c103cd3fce3602f6,720,yes,yes,included_in_cv
train/Laterite soil/Laterite_Soil_ (45).jpg,5,Laterite soil,train,1579882a6ba637b7384ead12c403477e,923d793c9c14a46f,721,yes,yes,included_in_cv
train/Laterite soil/Laterite_Soil_ (46).jpg,5,Laterite soil,train,e5182f75e16885e35626217488e1339e,d96f3a912c9b6381,722,yes,yes,included_in_cv
train/Laterite soil/Laterite_Soil_ (49).jpg,5,Laterite soil,train,4b9139ef392a4659df7d8cadd5c8dea4,d1ed52e18fc414e5,714,no,yes,included_in_cv
train/Laterite soil/Laterite_Soil_ (5).jpg,5,Laterite soil,train,c590effa0886d767a8197ca6200f5d8b,d4bd62890e3aa56b,723,yes,yes,included_in_cv
train/Laterite soil/Laterite_Soil_ (50).jpg,5,Laterite soil,train,fbf20f032e293b42f4cc7af154f354ce,8101155f73f61b79,724,yes,yes,included_in_cv
train/Laterite soil/Laterite_Soil_ (52).jpg,5,Laterite soil,train,500c81c71de98ff7e9508d5039445ad5,80232d1eaf3c35fa,725,yes,yes,included_in_cv
train/Laterite soil/Laterite_Soil_ (53).jpg,5,Laterite soil,train,cb7223fc29b6824bf6689c17e3841dd0,9609197276f947b2,686,no,yes,included_in_cv
train/Laterite soil/Laterite_Soil_ (54).jpg,5,Laterite soil,train,39bae2199414d1ff2dfd4f608547022f,8447074bdb6e41ee,692,no,yes,included_in_cv
train/Laterite soil/Laterite_Soil_ (58).jpg,5,Laterite soil,train,4ad0218d363d761b968567d87ac43da6,8447074bdb6e41af,692,no,yes,included_in_cv
train/Laterite soil/Laterite_Soil_ (59).jpg,5,Laterite soil,train,9aaacb4f864779ecc9c72949b0a1ce98,d5ab40b5175c46d3,693,no,yes,included_in_cv
train/Laterite soil/Laterite_Soil_ (6).jpg,5,Laterite soil,train,d1f99dc8b433898899599a0d2827acfe,efb9713d0319582c,688,no,no,excluded_cross_class_duplicate_conflict
train/Laterite soil/Laterite_Soil_ (60).jpg,5,Laterite soil,train,5cbe9862158d84d751e4f0fb26d259f8,d3c5d39e41fb2c80,726,yes,yes,included_in_cv
train/Laterite soil/Laterite_Soil_ (8).jpg,5,Laterite soil,train,cf77e109a2ca72a03351a55f484730a5,f14a9735c6390b9a,689,no,yes,included_in_cv
train/Laterite soil/Laterite_Soil_ (9).jpg,5,Laterite soil,train,1f9811a125a21bd409f9f684ebe439fe,cc1d6e432cfc5d84,727,yes,no,excluded_cross_class_duplicate_conflict
train/Laterite soil/aug_0_1114.jpg,5,Laterite soil,train,48b7386f81990e64dcfbc52ba53de0d0,958a9c9e8a0e6e76,728,yes,yes,included_in_cv
train/Laterite soil/aug_0_1560.jpg,5,Laterite soil,train,5a8a08665e144725325846aa526d616c,8545e088dcd8bb3f,729,yes,yes,included_in_cv
train/Laterite soil/aug_0_1690.jpg,5,Laterite soil,train,8b14dddbc7793fecd5a4b6dcb2a2701a,b6361e0be592a279,730,yes,yes,included_in_cv
train/Laterite soil/aug_0_1726.jpg,5,Laterite soil,train,dbd182d54ade420e316629a6df3b355d,950f2d3febe06203,731,yes,yes,included_in_cv
train/Laterite soil/aug_0_1935.jpg,5,Laterite soil,train,78ff90612207788f9b80acf3b76b361e,952a91b9b3919957,732,yes,yes,included_in_cv
train/Laterite soil/aug_0_255.jpg,5,Laterite soil,train,0bbfe72c9d319acac375f66006622d13,9d89908c6e65c3bb,733,yes,yes,included_in_cv
train/Laterite soil/aug_0_2570.jpg,5,Laterite soil,train,73fd136b6eb302acde9fe86e1756a76c,b63616964ae8b1b5,734,yes,yes,included_in_cv
train/Laterite soil/aug_0_2586.jpg,5,Laterite soil,train,6f9e1781d69ca5696c70a12f47e2a6d9,85b4a0bbd8daca4d,735,yes,yes,included_in_cv
train/Laterite soil/aug_0_2645.jpg,5,Laterite soil,train,0c2498fd669ab590d3d5b7db196b5a97,932393a6b197151f,736,yes,yes,included_in_cv
train/Laterite soil/aug_0_2668.jpg,5,Laterite soil,train,0dc5c6919c71d50e210b7d0a17dd94d7,948a9c878f6e6743,737,yes,yes,included_in_cv
train/Laterite soil/aug_0_279.jpg,5,Laterite soil,train,cb305091f36bb0c1d7e7b0312d1d14ec,95a1a3d2cb5958bc,738,yes,yes,included_in_cv
train/Laterite soil/aug_0_3019.jpg,5,Laterite soil,train,f7389bcac54974850579e4599bd0a15e,c646c6880e3db3f5,739,yes,yes,included_in_cv
train/Laterite soil/aug_0_3022.jpg,5,Laterite soil,train,16ef2cafba10e0e9b41238a81dc3c416,e363411f3cec405f,740,yes,yes,included_in_cv
train/Laterite soil/aug_0_3148.jpg,5,Laterite soil,train,1fc7d121bb6ec09e272f349b49d723a4,e363c1972e7ce091,741,yes,yes,included_in_cv
train/Laterite soil/aug_0_3179.jpg,5,Laterite soil,train,88e3a17af4d8912d8506b9b6c9b85b75,8370fa5f7f534408,742,yes,yes,included_in_cv
train/Laterite soil/aug_0_3215.jpg,5,Laterite soil,train,e56379f0b41205243b39164d90fe43bc,d555aae1e04187d7,743,yes,yes,included_in_cv
train/Laterite soil/aug_0_3266.jpg,5,Laterite soil,train,dfcc6cbcb1e0e9bdab90c7bd6b097a63,d5562af9f4983143,744,yes,yes,included_in_cv
train/Laterite soil/aug_0_3297.jpg,5,Laterite soil,train,0e48b6d6a909c12894862e4f7c4ec887,b7fcf0e100e50f4a,745,yes,yes,included_in_cv
train/Laterite soil/aug_0_3332.jpg,5,Laterite soil,train,b5160460a39c1641d67c9d6fb4401cef,c27fc2c4870c3d6d,746,yes,yes,included_in_cv
train/Laterite soil/aug_0_3701.jpg,5,Laterite soil,train,a029bdf2828e88c148548131ecfdf06a,968cda852b737744,747,yes,yes,included_in_cv
train/Laterite soil/aug_0_3752.jpg,5,Laterite soil,train,03a512ea6510218f38c7933e545f0d8c,a2b6721a69956e96,748,yes,yes,included_in_cv
train/Laterite soil/aug_0_3754.jpg,5,Laterite soil,train,a67714752e426fc91607f5499eb905f7,c42b62ad37b55315,749,yes,yes,included_in_cv
train/Laterite soil/aug_0_3934.jpg,5,Laterite soil,train,eca622e03c133dcb86e4e1a1c4aeb161,d52a54ea6a2cae2e,750,yes,yes,included_in_cv
train/Laterite soil/aug_0_4113.jpg,5,Laterite soil,train,c12fa82c3549d4cbee7dd63f5afc806f,b636144acaa5f578,751,yes,yes,included_in_cv
train/Laterite soil/aug_0_4114.jpg,5,Laterite soil,train,d78c70af2f9b7d9d853f80b71387b75b,bee339f6e08003e6,752,yes,yes,included_in_cv
train/Laterite soil/aug_0_4283.jpg,5,Laterite soil,train,95f65f02b3d8491478eb36608d9ce0e3,e6e6421f39e1017b,753,yes,yes,included_in_cv
train/Laterite soil/aug_0_4301.jpg,5,Laterite soil,train,fe6534cb82c95d3dea451f1566fe9864,e363c11d7de8c116,754,yes,yes,included_in_cv
train/Laterite soil/aug_0_4457.jpg,5,Laterite soil,train,1b61b34b764225fbfaa34778612b8883,d4a0d098b527afec,755,yes,yes,included_in_cv
train/Laterite soil/aug_0_4690.jpg,5,Laterite soil,train,ae6456ccfeb810e3bc1d3826980cdcef,8ff9ddc5cc850849,756,yes,yes,included_in_cv
train/Laterite soil/aug_0_4937.jpg,5,Laterite soil,train,09e5f18270fbf9a29bc46313399a8a99,952a3b75e1e3c04d,757,yes,yes,included_in_cv
train/Laterite soil/aug_0_4967.jpg,5,Laterite soil,train,962265f52ae83dba6916e8f02d73f512,d042f9f0e2e7cec0,758,yes,yes,included_in_cv
train/Laterite soil/aug_0_515.jpg,5,Laterite soil,train,e4e923c0486426a7b453f2051981c1c8,99099991b3939f39,759,yes,yes,included_in_cv
train/Laterite soil/aug_0_5293.jpg,5,Laterite soil,train,c516899d0cf40a2354fa2e93ba57eed9,e267c38f0c7dc183,760,yes,yes,included_in_cv
train/Laterite soil/aug_0_5311.jpg,5,Laterite soil,train,df96b61b67142de5533741fd3431ab4b,8ff92ee1e0c3404f,761,yes,yes,included_in_cv
train/Laterite soil/aug_0_5363.jpg,5,Laterite soil,train,77d40576a422628f93b4d3165215bce7,e266c2c2863e3e7c,762,yes,yes,included_in_cv
train/Laterite soil/aug_0_5487.jpg,5,Laterite soil,train,72ec5c99a85264edc1bcb63e8aa96ce7,958b8333b12eeaca,763,yes,yes,included_in_cv
train/Laterite soil/aug_0_5562.jpg,5,Laterite soil,train,e95e39ba0189a6f73c9dc52fd7622f54,be3634165a2a4f27,764,yes,yes,included_in_cv
train/Laterite soil/aug_0_5673.jpg,5,Laterite soil,train,51d0e6496ed35446fd6e8fa596cf4be2,d0a8fc3f3f6a4054,765,yes,yes,included_in_cv
train/Laterite soil/aug_0_5764.jpg,5,Laterite soil,train,2c8f55a5421f28677dd2bb60adb90765,d830f2f0e0c6f6c6,766,yes,yes,included_in_cv
train/Laterite soil/aug_0_590.jpg,5,Laterite soil,train,031b4a96f36d88291089626ed60445df,c2858bd3973b6a4a,767,yes,yes,included_in_cv
train/Laterite soil/aug_0_5998.jpg,5,Laterite soil,train,30a8f5caf8ea16260d124f9dae81ed57,d2da9ec4762700db,768,yes,yes,included_in_cv
train/Laterite soil/aug_0_6155.jpg,5,Laterite soil,train,05036a71652e775ae5bb556d26da8d4a,999959e26cb61d0b,769,yes,yes,included_in_cv
train/Laterite soil/aug_0_6427.jpg,5,Laterite soil,train,e7bc4876debf9e749bbd1ecba863937d,807f4a4c7be2c4da,770,yes,yes,included_in_cv
train/Laterite soil/aug_0_7096.jpg,5,Laterite soil,train,36a9736938927888a293281cc66c4832,d4289c9cfd98988f,771,yes,yes,included_in_cv
train/Laterite soil/aug_0_7561.jpg,5,Laterite soil,train,2a0df521764b20e214982e08dd4238e3,a63c34145aae4fa7,772,yes,yes,included_in_cv
train/Laterite soil/aug_0_7912.jpg,5,Laterite soil,train,f7c83678845d034f1c8a453bd09f6416,8f70f07e7f270281,773,yes,yes,included_in_cv
train/Laterite soil/aug_0_8111.jpg,5,Laterite soil,train,c73f51ccb645ac3ea490df9f6258f92f,d452ab05963b3e74,774,yes,yes,included_in_cv
train/Laterite soil/aug_0_8139.jpg,5,Laterite soil,train,5174f88f0afb868aa773333211404cf9,ccccc49d3bf842c6,775,yes,yes,included_in_cv
train/Laterite soil/aug_0_8174.jpg,5,Laterite soil,train,51cc7c860b04c9ba87f7f535f22519ec,d460a5e6ebc58a0f,776,yes,yes,included_in_cv
train/Laterite soil/aug_0_8387.jpg,5,Laterite soil,train,5c4fbc54053bd0c73a744070683eb8d9,fc7c0b1ff3210589,777,yes,yes,included_in_cv
train/Laterite soil/aug_0_8405.jpg,5,Laterite soil,train,708b6cf77a2cf93cd194eb5ecfca6a7e,933397b3d14b3928,778,yes,yes,included_in_cv
train/Laterite soil/aug_0_8585.jpg,5,Laterite soil,train,371338eb8b52e8ca89bb17e17bce79c5,9c88d46e4ef19b15,779,yes,yes,included_in_cv
train/Laterite soil/aug_0_8668.jpg,5,Laterite soil,train,273061ce7b81364f296f4929c491e1c5,8ee17c5b41e0f8f0,780,yes,yes,included_in_cv
train/Laterite soil/aug_0_8686.jpg,5,Laterite soil,train,d89bfd6e09c3eced36261f109d071f57,dbd983b41760ed88,781,yes,yes,included_in_cv
train/Laterite soil/aug_0_8890.jpg,5,Laterite soil,train,96cb0b20ff5bf1c967978e3e834e2cac,958a9486ae614f5f,782,yes,yes,included_in_cv
train/Laterite soil/aug_0_9172.jpg,5,Laterite soil,train,4c3e50b09390a7527d6da64bf29a3b4f,8ee17c4b4178f869,783,yes,yes,included_in_cv
train/Laterite soil/aug_0_9180.jpg,5,Laterite soil,train,e213bba4f514eacc3abd91b8c6af2eee,f361431ef8d0947c,784,yes,yes,included_in_cv
train/Laterite soil/aug_0_9206.jpg,5,Laterite soil,train,295de965d7313c5ae5113d60c82ebb01,d042a0f4e2e7c7ce,785,yes,yes,included_in_cv
train/Laterite soil/aug_0_9221.jpg,5,Laterite soil,train,eb0892e700a685fd7db62b0d6e4520dc,cd4dcdd1cb793110,786,yes,yes,included_in_cv
train/Laterite soil/aug_0_9267.jpg,5,Laterite soil,train,d64d92cd6d1a8944f5197f39eb8218f2,807f6f4c68716e4a,787,yes,yes,included_in_cv
train/Laterite soil/aug_0_9371.jpg,5,Laterite soil,train,dec252d5a9afe85a0cf8f1a44269c366,87f0f4bc97971680,788,yes,yes,included_in_cv
train/Laterite soil/aug_0_9474.jpg,5,Laterite soil,train,c271d96afd3a55a3f8718eb83c419c0a,b6364c25f03b6d86,789,yes,yes,included_in_cv
train/Laterite soil/aug_0_9489.jpg,5,Laterite soil,train,1aa1c94233ad674ea7b9ac77d277d175,d52b1e3da6958487,790,yes,yes,included_in_cv
train/Laterite soil/aug_0_9569.jpg,5,Laterite soil,train,2300508cb60172704a6ea6ebbe2cf203,c1ddc9c0da733233,791,yes,yes,included_in_cv
train/Laterite soil/aug_0_959.jpg,5,Laterite soil,train,25a5c06ad8281da4b65620f177523beb,c07dbd9fca898584,792,yes,yes,included_in_cv
train/Laterite soil/aug_0_9658.jpg,5,Laterite soil,train,07fceeae6a635a1d8360ac14857f8c2a,c07f43e0f3829717,793,yes,yes,included_in_cv
train/Laterite soil/aug_0_9826.jpg,5,Laterite soil,train,bb088fe0ec99381dddc09e4ef05b36a3,99994aa71b09f47a,794,yes,yes,included_in_cv
train/Laterite soil/aug_0_9891.jpg,5,Laterite soil,train,d1f76e76008bec4e2d44e425bf4fc4af,96d29ec7742e0f11,795,yes,yes,included_in_cv
train/Laterite soil/aug_0_9902.jpg,5,Laterite soil,train,6cb46498ca73bc7a4464fa6ba1dea2ce,c05fccc1db693931,796,yes,yes,included_in_cv
train/Laterite soil/laterit-003.jpg,5,Laterite soil,train,0159ab0490d9be800d00b36e0784a33d,c3f1dcb6a20168cf,797,yes,yes,included_in_cv
train/Laterite soil/laterit-005.jpg,5,Laterite soil,train,55c3ed63f3cd0441878417321c709ae6,c930aac2f0c7e3da,798,yes,yes,included_in_cv
train/Laterite soil/laterit-006.jpg,5,Laterite soil,train,7f62d6dd0e1df0b4d0bcb66ae44342bf,d6788f6097da2f02,799,yes,yes,included_in_cv
train/Laterite soil/laterit-007.jpg,5,Laterite soil,train,338d6df2ca17eca0a0734e1f2f25ef52,a429ce5bce702cc7,800,yes,yes,included_in_cv
train/Laterite soil/laterit-008.jpg,5,Laterite soil,train,c14038f1be4695ab56d1b4bcf9e69fde,a85aa14fb5d2e634,801,yes,yes,included_in_cv
train/Laterite soil/laterit-010.jpg,5,Laterite soil,train,5288aed3e12a26ba97deb5e1c63d3c3c,de5214b6274f4e45,802,yes,yes,included_in_cv
train/Laterite soil/laterit-013.jpg,5,Laterite soil,train,228d6381b738b328e1f96d6af28ba300,ee3746c26467606e,803,yes,yes,included_in_cv
train/Laterite soil/laterit-014.jpg,5,Laterite soil,train,5dcbb06cafb01ff4e42b3ca9eab369d0,893e7103c77e8875,804,yes,yes,included_in_cv
train/Laterite soil/laterit-016.jpg,5,Laterite soil,train,5c5eaff79a3b887838f750e9a8061474,c601ee554e575745,805,yes,yes,included_in_cv
train/Laterite soil/laterit-017.jpg,5,Laterite soil,train,a6bd0f1c49138ee0b5b1a8d6436dce77,b84ab1d821e8ecf9,806,yes,yes,included_in_cv
train/Laterite soil/laterit-018.jpg,5,Laterite soil,train,bce29b1128b3b3d0af9a8f3837f51606,9494758c88fdafc4,807,yes,yes,included_in_cv
train/Laterite soil/laterit-020.jpg,5,Laterite soil,train,291f852ac49fb2222ff56b896f8dec2d,87a65d6674676425,808,yes,yes,included_in_cv
train/Laterite soil/laterit-022.jpg,5,Laterite soil,train,293648a9d4ae96f6de741e4953490578,9276d32b4ad878b1,809,yes,yes,included_in_cv
train/Laterite soil/laterit-023.jpg,5,Laterite soil,train,87513916332ffa82288bf62ef03662df,ca32ee4e1cd83dc1,810,yes,yes,included_in_cv
train/Laterite soil/laterit-024.jpg,5,Laterite soil,train,71a314a92d9e2adcfb59e4356ce11502,bc513528b36e96a5,811,yes,yes,included_in_cv
train/Laterite soil/laterit-025.jpg,5,Laterite soil,train,f7733ce3e8b0ee134e277ef44f9144b9,ff3b84b3908097c9,812,yes,yes,included_in_cv
train/Laterite soil/laterit-028.jpg,5,Laterite soil,train,9a2dd0a0bc0393028ac142cb1e682290,87fef08c0ef9c124,813,yes,yes,included_in_cv
train/Laterite soil/laterit-029.jpg,5,Laterite soil,train,37464d2ec7ed657ceb1d3f4851b8b507,d255a5265b57948e,814,yes,yes,included_in_cv
train/Laterite soil/laterit-031.jpg,5,Laterite soil,train,cab6e018f2a478a15b0419895301a1fc,87580f73737d7102,815,yes,yes,included_in_cv
train/Laterite soil/laterit-034.jpg,5,Laterite soil,train,d01036b009dd6a29be582e2ae9d8b0e0,968689e3f6543c9a,816,yes,yes,included_in_cv
train/Laterite soil/laterit-036.jpg,5,Laterite soil,train,0fa1eea9ea85cebfe9bd699076969ff9,d906305fb2875f34,817,yes,yes,included_in_cv
train/Laterite soil/laterit-037.jpg,5,Laterite soil,train,f3b6cea789af13e64dc510c18df657b0,d8fd20b032785bcb,818,yes,yes,included_in_cv
train/Laterite soil/laterit-040.jpg,5,Laterite soil,train,1871310347688c76262ab6a718ddad28,9c65fb958512b60e,819,yes,yes,included_in_cv
train/Laterite soil/laterit-041.jpg,5,Laterite soil,train,ec1b8ef249a580c1fe41fed5896f5df1,89cfaa1de0b8e2a5,820,yes,yes,included_in_cv
train/Laterite soil/laterit-043.jpg,5,Laterite soil,train,a8e6fdff5f925121497508d1fe0ddf9a,832dda35c68b7a51,821,yes,yes,included_in_cv
train/Laterite soil/laterit-044.jpg,5,Laterite soil,train,f4740abf1517a1b2a625372b6efc40f8,d4858f9f92212bf8,822,yes,yes,included_in_cv
train/Laterite soil/laterit-045.jpg,5,Laterite soil,train,bbe35776982b4dacd79b560602f12b89,f1839ae199da7849,823,yes,yes,included_in_cv
train/Laterite soil/laterit-046.jpg,5,Laterite soil,train,177705924b2d5c50f9a7e0667b1fadcf,f17c9b0a9b257892,824,yes,yes,included_in_cv
train/Laterite soil/laterit-047.jpg,5,Laterite soil,train,d3346145076311520508b4164d59661f,a0d6cea4ce8f2d38,825,yes,yes,included_in_cv
train/Laterite soil/laterit-049.jpg,5,Laterite soil,train,2331a440bd6821428bebec87fcf8fd13,fd0ff41b80873361,826,yes,yes,included_in_cv
train/Laterite soil/laterit-050.jpg,5,Laterite soil,train,f231315e477e44209c6213bdce00ccb4,a8a5a1b1d52d66cb,827,yes,yes,included_in_cv
train/Laterite soil/laterit-051.jpg,5,Laterite soil,train,a57695fd64c7d2a398a214dccd525169,feeaf880b5d09984,828,yes,yes,included_in_cv
train/Laterite soil/laterit-053.jpg,5,Laterite soil,train,08c2d58f3c76a4c567ad2f38812c251a,abb7a5d5e005c4d1,829,yes,yes,included_in_cv
train/Laterite soil/laterit-054.jpg,5,Laterite soil,train,4aa9a2d5bfe4e75bbe8d6826503b73c6,83f8411c72e41bef,830,yes,yes,included_in_cv
train/Laterite soil/laterit-055.jpg,5,Laterite soil,train,3a1d9dce14c932ff0d48b98929fddd9e,8b0741f37a5b1b13,831,yes,yes,included_in_cv
train/Laterite soil/laterit-056.jpg,5,Laterite soil,train,0648de13ed35e46982b40438a9c10b13,d6ad144927b04ebb,832,yes,yes,included_in_cv
train/Laterite soil/laterit-059.jpg,5,Laterite soil,train,53814e28eb3824eba274c6ed95d6f88b,c5d5e1d141e15bb1,833,yes,yes,included_in_cv
train/Laterite soil/laterit-060.jpg,5,Laterite soil,train,9c484d915c4383a850e4ef3d82103e2d,81eb51fe05f301e9,834,yes,yes,included_in_cv
train/Laterite soil/laterit-062.jpg,5,Laterite soil,train,092180a392ac9126a937f4b48a5ea768,d4be04ab50a754bd,835,yes,yes,included_in_cv
train/Laterite soil/laterit-063.jpg,5,Laterite soil,train,d6bfd77161aa51c84b8bfa604d73139d,b39d136a31cd35c4,836,yes,yes,included_in_cv
train/Laterite soil/laterit-064.jpg,5,Laterite soil,train,28e1e26f52fca8ae889cf1af154b5e2c,b37213973132353b,837,yes,yes,included_in_cv
train/Laterite soil/laterit-065.jpg,5,Laterite soil,train,5ba27b583ac1d7b63e0cb1ed89ebc4d4,e6d8463f649c6899,838,yes,yes,included_in_cv
train/Laterite soil/laterit-066.jpg,5,Laterite soil,train,afb7a6c3951259b7091add187da0bc1d,dc8424ab92d4ddba,839,yes,yes,included_in_cv
train/Laterite soil/laterit-069.jpg,5,Laterite soil,train,eee9f03da210f4337410454a1846b7e3,e6bb481cb380b0bf,840,yes,yes,included_in_cv
train/Laterite soil/laterit-070.jpg,5,Laterite soil,train,1ea8853e94401f0a47fdcaf53e891ec3,e64448f3b37fb140,841,yes,yes,included_in_cv
train/Laterite soil/laterit-071.jpg,5,Laterite soil,train,f727b9ca0f2a4b97037d6ab61477609b,b3e81c49c6d5e0ea,842,yes,yes,included_in_cv
train/Laterite soil/laterit-072.jpg,5,Laterite soil,train,b74c759722c8dc267cbf89a0baa4ab04,d3aa1bec13ed00ec,843,yes,yes,included_in_cv
train/Laterite soil/laterit-073.jpg,5,Laterite soil,train,c37c8cbb53003168caacd0c98f4b4e0e,d755bb135b12031b,844,yes,yes,included_in_cv
train/Laterite soil/laterit-075.jpg,5,Laterite soil,train,8dd96efd23b1dfa136aec8d27b19c690,ede064727443b953,845,yes,yes,included_in_cv
train/Laterite soil/laterit-076.jpg,5,Laterite soil,train,8843acafe7cebaba62fdd4cb5e4e87ed,ec1f248d74acb9a4,846,yes,yes,included_in_cv
train/Laterite soil/laterit-078.jpg,5,Laterite soil,train,0a0ff8c8f8d9d44a7d418257b6e12a3d,c17f2024cc55fa6e,847,yes,yes,included_in_cv
train/Laterite soil/laterit-079.jpg,5,Laterite soil,train,c878797c3241cbd4d71eda754dbcd30a,c18122dbddaafa91,848,yes,yes,included_in_cv
train/Laterite soil/laterit-080.jpg,5,Laterite soil,train,efc1241e6e34188fc14c875bf7fe4bb1,942a77738902af3b,849,yes,yes,included_in_cv
train/Laterite soil/laterit-081.jpg,5,Laterite soil,train,5b1348c780fd4ccbcf096fa68a2207d3,ed46600e35bf32d2,850,yes,yes,included_in_cv
train/Laterite soil/laterit-085.jpg,5,Laterite soil,train,a68f07a8ff6e0102e54f4ec546621059,d2f31a3321333373,851,yes,yes,included_in_cv
train/Laterite soil/laterit-086.jpg,5,Laterite soil,train,67cfdaff5f29ddce509c900f81b3b0eb,87595d99749864da,852,yes,yes,included_in_cv
train/Laterite soil/laterit-087.jpg,5,Laterite soil,train,214e106b01d94486d22da6e2b0a42f6d,c5f4f8c88785b788,853,yes,yes,included_in_cv
train/Laterite soil/laterit-088.jpg,5,Laterite soil,train,0a988605551a1de3cc6153202f67a141,c409f837873a9375,854,yes,yes,included_in_cv
train/Laterite soil/laterit-089.jpg,5,Laterite soil,train,b3c6ac7ab2ffd52e05b1ec9e143355ef,90a1ad9dd2d0e2dd,855,yes,yes,included_in_cv
train/Laterite soil/laterit-090.jpg,5,Laterite soil,train,1bed2d41efa980a4b7e9af7a30aa56c2,c5dc86811ff22d1b,856,yes,yes,included_in_cv
train/Laterite soil/laterit-092.jpg,5,Laterite soil,train,97a039567aa913b0b0ea81732cdb571c,928bd3d44aa7784e,857,yes,yes,included_in_cv
train/Laterite soil/laterit-095.jpg,5,Laterite soil,train,0c3c5f4c93757eeb5162cfed5aab4a3b,cacdecb11c22353e,858,yes,yes,included_in_cv
train/Laterite soil/laterit-096.jpg,5,Laterite soil,train,71411f23770d03fa64ebe582f68b8459,e9fb6293e6c48207,859,yes,yes,included_in_cv
train/Laterite soil/laterit-097.jpg,5,Laterite soil,train,836101b11977b4c2eeb1643b230949ba,e904626ce63bc3f8,860,yes,yes,included_in_cv
train/Laterite soil/laterit-098.jpg,5,Laterite soil,train,69162cdce0d6df2e61ba580078e84386,bcae37c233919652,861,yes,yes,included_in_cv
train/Laterite soil/laterit-100.jpg,5,Laterite soil,train,356876ac5c02fcf37fd96fb70e19f4d9,aa6ed0e6c5d5c298,862,yes,yes,included_in_cv
train/Laterite soil/laterit-101.jpg,5,Laterite soil,train,a51b151b72d17d6e40ae33f571a7f840,ffc4844c90779732,863,yes,yes,included_in_cv
train/Laterite soil/laterit-102.jpg,5,Laterite soil,train,c9b72b789e09675d6793ff11ea6930c4,952a807f896e3f61,864,yes,yes,included_in_cv
train/Laterite soil/laterit-103.jpg,5,Laterite soil,train,0e995a6b46b1300cacbd396eb517130e,90f7808589b32edf,865,yes,yes,included_in_cv
train/Laterite soil/laterit-105.jpg,5,Laterite soil,train,782519926fd08c47fe1ebfae6e650c5b,d85d73022377383e,866,yes,yes,included_in_cv
train/Laterite soil/laterit-106.jpg,5,Laterite soil,train,986f03f72317ba1bcc1b39143535148d,8df726a8669d4d90,867,yes,yes,included_in_cv
train/Laterite soil/laterit-107.jpg,5,Laterite soil,train,1b0e9b7346da7b3959f974ad75b61f87,cef59ccb74c68007,868,yes,yes,included_in_cv
train/Laterite soil/laterit-108.jpg,5,Laterite soil,train,80235fa9961b600c8cacb82ac17d4e1b,9ba0c99ea19bc752,869,yes,yes,included_in_cv
train/Laterite soil/laterit-109.jpg,5,Laterite soil,train,d76e37c2520cb3915129205329d7c82b,8d082e5776226d6f,870,yes,yes,included_in_cv
train/Pasir soil/pasir-001.jpg,6,Pasir soil,train,c8f2f15241e54c98500641b7405375c8,8c0fd0f439d7a8d4,871,yes,yes,included_in_cv
train/Pasir soil/pasir-002.jpg,6,Pasir soil,train,3506741d2023d72c710dc14c42f206a8,a472cf351e48d393,872,yes,yes,included_in_cv
train/Pasir soil/pasir-007.jpg,6,Pasir soil,train,62fc9b95dd9fec78ddee1abdb01df58b,e36f15345a829d72,873,yes,yes,included_in_cv
train/Pasir soil/pasir-008.jpg,6,Pasir soil,train,b56481c1b0c1da01ddd1ac0f7432c8b3,eda27a4978c2958d,874,yes,yes,included_in_cv
train/Pasir soil/pasir-009.jpg,6,Pasir soil,train,2f5659a9d958ae1c8aad0426fdb77560,d95a85b16e82fd81,875,yes,yes,included_in_cv
train/Pasir soil/pasir-010.jpg,6,Pasir soil,train,18faef588cba3c8ad728fc5c7a0f493b,8cf0d01b3b68bc6b,876,yes,yes,included_in_cv
train/Pasir soil/pasir-012.jpg,6,Pasir soil,train,39d0e1521bc749095d070eea73602b53,f1279a604f5d86c6,877,yes,yes,included_in_cv
train/Pasir soil/pasir-015.jpg,6,Pasir soil,train,9426c4a75a383a9c6ef052ba92ffbb1c,ba349166582794fb,878,yes,yes,included_in_cv
train/Pasir soil/pasir-017.jpg,6,Pasir soil,train,2352fb20b55d96c5a0cd1b80d6533b91,ef9ec4cc0d8dc151,879,yes,yes,included_in_cv
train/Pasir soil/pasir-018.jpg,6,Pasir soil,train,510a7d305cdbfe785d4419733b882e38,b2a0dfc8ff40bf00,880,yes,yes,included_in_cv
train/Pasir soil/pasir-019.jpg,6,Pasir soil,train,56d10063a422100a6d1129aade79870c,a5ebc221876ccd2d,881,yes,yes,included_in_cv
train/Pasir soil/pasir-020.jpg,6,Pasir soil,train,99a5bc3ad1f519b3995811ada9ba14a4,d5d3651555b5b038,882,yes,yes,included_in_cv
train/Pasir soil/pasir-021.jpg,6,Pasir soil,train,486eab6121e6956a1fbe49c0c9ca144d,dd81a98ee0556ad5,883,yes,yes,included_in_cv
train/Pasir soil/pasir-022.jpg,6,Pasir soil,train,8cdb1e5f60c9edc0d41114e158ba9a23,fac2cbc8a92935b1,884,yes,yes,included_in_cv
train/Pasir soil/pasir-023.jpg,6,Pasir soil,train,46fd9e5867cd6925b4a2ae2d8d47f430,a295ab95d2e1c7d0,885,yes,yes,included_in_cv
train/Pasir soil/pasir-024.jpg,6,Pasir soil,train,c327db0d88b1d400a922e8f64516d959,9636257627d6370a,886,yes,yes,included_in_cv
train/Pasir soil/pasir-025.jpg,6,Pasir soil,train,bf9b3d6fbf6ec475ea1680e8f07bc60e,94d73aa915ca7d12,887,yes,yes,included_in_cv
train/Pasir soil/pasir-026(1).jpg,6,Pasir soil,train,e74113d31f22f29908a6904fd72ffc45,fa1583108d1adeeb,888,yes,yes,included_in_cv
train/Pasir soil/pasir-027.jpg,6,Pasir soil,train,2110b1cb045c8f0a92b70b54cf9e7ef2,bdc6ddc86750548c,889,yes,yes,included_in_cv
train/Pasir soil/pasir-028(1).jpg,6,Pasir soil,train,46825fc894d84bae8b7057fbf7ec496f,f5753970c2c2e6c2,890,yes,yes,included_in_cv
train/Pasir soil/pasir-028.jpg,6,Pasir soil,train,46825fc894d84bae8b7057fbf7ec496f,f5753970c2c2e6c2,890,no,yes,included_in_cv
train/Pasir soil/pasir-029(1).jpg,6,Pasir soil,train,0d160450724feaa631264333fe386fba,f562ef69696a4068,891,yes,yes,included_in_cv
train/Pasir soil/pasir-029.jpg,6,Pasir soil,train,0d160450724feaa631264333fe386fba,f562ef69696a4068,891,no,yes,included_in_cv
train/Pasir soil/pasir-038.jpg,6,Pasir soil,train,0edfc5b6dee6e473d67481753c6f6b5e,e4a56b7f46961232,892,yes,yes,included_in_cv
train/Pasir soil/pasir-039.jpg,6,Pasir soil,train,9389dc62bb53940f5f8fb6289e2d1352,e8b3d8e3c0ce9166,893,yes,yes,included_in_cv
train/Pasir soil/pasir-040.jpg,6,Pasir soil,train,8cd393c984fc87299c6c5e17844b1dbf,f8ee299c89ac8ea1,894,yes,yes,included_in_cv
train/Pasir soil/pasir-041.jpg,6,Pasir soil,train,813a20d108e5f59ec0c50779d1231e6b,95d847692a15f03f,895,yes,yes,included_in_cv
train/Pasir soil/pasir-042.jpg,6,Pasir soil,train,36fedfed87b0a1f92a2d603b4fbd70b4,dd5aaaad41a581e6,896,yes,yes,included_in_cv
train/Pasir soil/pasir-043.jpg,6,Pasir soil,train,0deaca69e72147bb6d5b1b826b4f0d4e,bc9d4d6711d554d0,897,yes,yes,included_in_cv
train/Pasir soil/pasir-046.jpg,6,Pasir soil,train,3802732faca7d1e89c64e11ff921b47d,9c9ec3e0b884f69c,898,yes,yes,included_in_cv
train/Pasir soil/pasir-047.jpg,6,Pasir soil,train,9b8b9f35a2a689b3079658bacd79426a,e5f413c96c721999,899,yes,yes,included_in_cv
train/Pasir soil/pasir-048.jpg,6,Pasir soil,train,be7802d2d4e07309e5daa35638f931fa,8ad61bd917127a71,900,yes,yes,included_in_cv
train/Pasir soil/pasir-049.jpg,6,Pasir soil,train,3134919af583c75eb7db92c82165008b,d8f36a7c62c01967,901,yes,yes,included_in_cv
train/Pasir soil/pasir-050.jpg,6,Pasir soil,train,dffd1b89b2ee22478479171309d58298,ba8557565651d649,902,yes,yes,included_in_cv
train/Pasir soil/pasir-051.jpg,6,Pasir soil,train,b90fe13612a909ea38d6d62a940a4812,857c383c3663719b,903,yes,yes,included_in_cv
train/Pasir soil/pasir-052.jpg,6,Pasir soil,train,ab4f32f7466c15d2df5b33c03463299f,d53d4ac0720355fe,904,yes,yes,included_in_cv
train/Pasir soil/pasir-053.jpg,6,Pasir soil,train,f4106577c65bd6a768e525e58d4397a0,852c6cce88c99fea,905,yes,yes,included_in_cv
train/Pasir soil/pasir-054.jpg,6,Pasir soil,train,f92b9bbf81309526f1668818084cafad,b9dc14bc92969c9c,906,yes,yes,included_in_cv
train/Pasir soil/pasir-055.jpg,6,Pasir soil,train,a243774d2bda1b18223a0636531ac4ec,847ad73c393d3a09,907,yes,yes,included_in_cv
train/Pasir soil/pasir-056.jpg,6,Pasir soil,train,a6549a4784cc2e34223ce585625b840e,d6354a0f493d52ab,908,yes,yes,included_in_cv
train/Pasir soil/pasir-057.jpg,6,Pasir soil,train,936ac277eb36b9febe498750a577c524,e2b6c91932c68d79,909,yes,yes,included_in_cv
train/Pasir soil/pasir-059.jpg,6,Pasir soil,train,239b79de15631612b08a7c3897b131c5,d07024db7799136e,910,yes,yes,included_in_cv
train/Pasir soil/pasir-060.jpg,6,Pasir soil,train,4a4e3204c7e7880a6178a7695ec97680,d24c65689e68cde3,911,yes,yes,included_in_cv
train/Pasir soil/pasir-063.jpg,6,Pasir soil,train,6c7fbb0e365cf2f7f4a7fc70ce5cc46a,c862a75d1b2de236,912,yes,yes,included_in_cv
train/Pasir soil/pasir-066.jpg,6,Pasir soil,train,3343fdd272f642f8f643b899473436fd,c523362ccfe59b0c,913,yes,yes,included_in_cv
train/Pasir soil/pasir-067.jpg,6,Pasir soil,train,78cc211726ccca3a2594e5506e2ce96b,908963879a4fcea7,914,yes,yes,included_in_cv
train/Pasir soil/pasir-068.jpg,6,Pasir soil,train,116d64bddd87142dac73907ef06dadee,85b58bad5c30e48f,915,yes,yes,included_in_cv
train/Pasir soil/pasir-069.jpg,6,Pasir soil,train,0129af4dc26fca05a94da021a2cf721a,854b9b525ccfe470,916,yes,yes,included_in_cv
train/Pasir soil/pasir-070.jpg,6,Pasir soil,train,42bfa13b5d0c533da4ff64975ea862fd,d0e0def80965b1da,917,yes,yes,included_in_cv
train/Pasir soil/pasir-071.jpg,6,Pasir soil,train,3c09e38eb45529e6e6e76ed776b2c599,b6c5409e2f78cad8,918,yes,yes,included_in_cv
train/Pasir soil/pasir-073.jpg,6,Pasir soil,train,69b2deb91b1c4ce9e3cba1a7a42dc0cb,e39015cb5a2d9f85,919,yes,yes,included_in_cv
train/Pasir soil/pasir-075.jpg,6,Pasir soil,train,c463e4b2f562672bccbd494578191e05,b8770f182d97c1d8,920,yes,yes,included_in_cv
train/Pasir soil/pasir-076.jpg,6,Pasir soil,train,0fac58131beefbefd6b662afff5bef10,ec5d5ab2683d8472,921,yes,yes,included_in_cv
train/Pasir soil/pasir-077.jpg,6,Pasir soil,train,2111c854cef9be42cd26ad5c7112183d,e70a8a62aaeaeaaa,922,yes,yes,included_in_cv
train/Pasir soil/pasir-078.jpg,6,Pasir soil,train,d8f454fe147786627a6fffc6e5a00d0d,e7e58a94aa15ea54,923,yes,yes,included_in_cv
train/Pasir soil/pasir-080.jpg,6,Pasir soil,train,051a62eff8fb7d001349811e9e0dcadc,f041978bdac6b887,924,yes,yes,included_in_cv
train/Pasir soil/pasir-081.jpg,6,Pasir soil,train,2e0f9b9e368b455521af58b51611d060,f0be957492399878,925,yes,yes,included_in_cv
train/Pasir soil/pasir-082.jpg,6,Pasir soil,train,7aa46c19bf0e06ee9fec8bb522ed0ad7,a514c2d68797cdd2,926,yes,yes,included_in_cv
train/Pasir soil/pasir-084.jpg,6,Pasir soil,train,259a981552814ed9ff559ad9ac70a84c,88a6334680f5eded,927,yes,yes,included_in_cv
train/Pasir soil/pasir-087.jpg,6,Pasir soil,train,febf493ebece60a8d76022bc9b653948,8ad4fcdbb7003f80,928,yes,yes,included_in_cv
train/Pasir soil/pasir-090.jpg,6,Pasir soil,train,9800e0b08b400c708d4354aec410a0ba,af969e99b87060e4,929,yes,yes,included_in_cv
train/Pasir soil/pasir-091.jpg,6,Pasir soil,train,3647291e636cf2b10e31bb2b54d2c554,f83cc931a9d2354e,930,yes,yes,included_in_cv
train/Pasir soil/pasir-093.jpg,6,Pasir soil,train,dfa235d518caec0908b99ee530a33d83,f7c0fec087b49285,931,yes,yes,included_in_cv
train/Pasir soil/pasir-095.jpg,6,Pasir soil,train,170321821349eefe9d4e3da17d5db299,d39c70dc727c72a0,932,yes,yes,included_in_cv
train/Pasir soil/pasir-097.jpg,6,Pasir soil,train,f5e3580a333d52219166c1bba79094a8,96d92589272927f5,933,yes,yes,included_in_cv
train/Pasir soil/pasir-098.jpg,6,Pasir soil,train,c92632a169de3dccc1373634ba019333,c57d6fa3486068b9,934,yes,yes,included_in_cv
train/Pasir soil/pasir-100.jpg,6,Pasir soil,train,f0678ab4e1a227f95af38c6e9468ed24,9038327615357ded,935,yes,yes,included_in_cv
train/Pasir soil/pasir-101.jpg,6,Pasir soil,train,ef6a85e1fe35a4a52b38bee1a65d22b6,adbed4ba50b08f41,936,yes,yes,included_in_cv
train/Pasir soil/pasir-102.jpg,6,Pasir soil,train,a6126222259f254486d037b403e8d82f,ad40d645504f8fbe,937,yes,yes,included_in_cv
train/Pasir soil/pasir-103.jpg,6,Pasir soil,train,c8035ca7472e07de20c22856168fcf0a,f8ea81ef05e5ca14,938,yes,yes,included_in_cv
train/Pasir soil/pasir-104.jpg,6,Pasir soil,train,71dc3a027b757552bf2bdc3aaa46ac2d,e86ca8773afa0136,939,yes,yes,included_in_cv
train/Pasir soil/pasir-105.jpg,6,Pasir soil,train,9f211b5b997764b7908aa1daca51cf3b,e893a8bd3a2d21d9,940,yes,yes,included_in_cv
train/Pasir soil/pasir-106.jpg,6,Pasir soil,train,fdc520226063fd6ac8dcbfcee423655f,bd29dd0267a65463,941,yes,yes,included_in_cv
train/Pasir soil/pasir-107.jpg,6,Pasir soil,train,d4bfa1928083bc6c7ee397d8846e2219,a1df44da97689368,942,yes,yes,included_in_cv
train/Pasir soil/pasir-108.jpg,6,Pasir soil,train,a700d73f42ee0f8c2f42c1affa296336,a1226e2597979397,943,yes,yes,included_in_cv
train/Pasir soil/pasir-110.jpg,6,Pasir soil,train,d3355f9b6e04b7bf9df31e7bc013277c,e0c8be8b3dc215ea,944,yes,yes,included_in_cv
train/Red soil/1000_F_233167094_JhQz9xvHtlN5UyT3zt748JiJolOSid7s.jpg,7,Red soil,train,b0fabb856e3055495d3fe93b069bc2a3,e82fcd49a4199b78,945,yes,yes,included_in_cv
train/Red soil/250px-Ultisol.jpg,7,Red soil,train,0e99b4083433847e5a6222ea5729f74e,e46d2d551b3918f8,946,yes,yes,included_in_cv
train/Red soil/5-red-soil-topspot-original-imaftmfanswghcfr.jpeg,7,Red soil,train,1085ca5a82d00785f0c0aa0a0a08e200,84315fbb786a1dc1,947,yes,yes,included_in_cv
train/Red soil/5.jpg,7,Red soil,train,faf0fdeef4e648507d1edee66af140db,d1c637dcaaed8092,948,yes,yes,included_in_cv
train/Red soil/51em0GmiApL._SX466_.jpg,7,Red soil,train,44124b5ed5a3bb1ccbb438ecd5bd2c79,ebe48416be5a811f,949,yes,yes,included_in_cv
train/Red soil/61AysVsqgL.jpg,7,Red soil,train,521db7629eba06b7de2a5145d83f4b29,efb9713d0319582c,688,no,no,excluded_cross_class_duplicate_conflict
train/Red soil/835254_2.jpg,7,Red soil,train,7c4d7115330570851fb5dbc2d81a2912,da89a665711992f3,950,yes,yes,included_in_cv
train/Red soil/95424d278d0b71fa4b398f406303a4a9.jpg,7,Red soil,train,95424d278d0b71fa4b398f406303a4a9,c493bcf8c1a5c5d2,695,no,no,excluded_cross_class_duplicate_conflict
train/Red soil/Copy of 1000_F_233167094_JhQz9xvHtlN5UyT3zt748JiJolOSid7s.jpg,7,Red soil,train,b0fabb856e3055495d3fe93b069bc2a3,e82fcd49a4199b78,945,no,yes,included_in_cv
train/Red soil/Copy of 250px-Ultisol.jpg,7,Red soil,train,0e99b4083433847e5a6222ea5729f74e,e46d2d551b3918f8,946,no,yes,included_in_cv
train/Red soil/Copy of 3.jpg,7,Red soil,train,c247e1bc4402f05e1f6588246faeb550,d3d3e9a4bc909a29,951,yes,yes,included_in_cv
train/Red soil/Copy of 5.jpg,7,Red soil,train,faf0fdeef4e648507d1edee66af140db,d1c637dcaaed8092,948,no,yes,included_in_cv
train/Red soil/Copy of 51em0GmiApL._SX466_.jpg,7,Red soil,train,44124b5ed5a3bb1ccbb438ecd5bd2c79,ebe48416be5a811f,949,no,yes,included_in_cv
train/Red soil/Copy of 61AysVsqgL.jpg,7,Red soil,train,521db7629eba06b7de2a5145d83f4b29,efb9713d0319582c,688,no,no,excluded_cross_class_duplicate_conflict
train/Red soil/Copy of Red-soil-essay.jpg,7,Red soil,train,fcd68a990d6ae3011b714edd8da217ba,94d9d1cad096d595,952,yes,yes,included_in_cv
train/Red soil/Copy of Sample6.0.jpg,7,Red soil,train,5aaa316a967d511820db9552ea7c2a5f,c03e3f6065c736cc,953,yes,yes,included_in_cv
train/Red soil/Copy of Sample6.150.jpg,7,Red soil,train,c659c508e67cd8504d197007f59b58bb,9693694897359ed2,954,yes,yes,included_in_cv
train/Red soil/Copy of Sample6.180.jpg,7,Red soil,train,4b29466132a3151bac94af7c73a50c45,95946aca306d6b67,955,yes,yes,included_in_cv
train/Red soil/Copy of Sample6.30.jpg,7,Red soil,train,758d03998e7f68d99aab686da259fab2,ce3031c7668cdbb8,956,yes,yes,included_in_cv
train/Red soil/Copy of Sample8.0.jpg,7,Red soil,train,125efe34c213c87d23cfd004bfe9e01d,91367ac025cff48b,957,yes,yes,included_in_cv
train/Red soil/Copy of Sample8.120.jpg,7,Red soil,train,5c7fd080e63280d92f14fc3e0c396f98,9e926969b3349e92,958,yes,yes,included_in_cv
train/Red soil/Copy of Sample8.150.jpg,7,Red soil,train,4b5ed5e0f8545fed6616d2f8e7eb24c4,9b92386de6a4ce92,959,yes,yes,included_in_cv
train/Red soil/Copy of Sample8.180.jpg,7,Red soil,train,71afa18f4dfcc166e9e316a4341ad660,c49d2f6a706da135,960,yes,yes,included_in_cv
train/Red soil/Copy of Sample8.30.jpg,7,Red soil,train,6319c03a39a0a80b09407865bb81dfc7,9a656992a6939a6d,961,yes,yes,included_in_cv
train/Red soil/Copy of Sample8.60.jpg,7,Red soil,train,00171c5ea9d49c1032794602c7b54bda,9a4f69b4a64b9a85,962,yes,yes,included_in_cv
train/Red soil/Copy of Sample8.90.jpg,7,Red soil,train,d2f0c43bf2456fc06eb55574b9946669,97c96a1d25b16572,963,yes,yes,included_in_cv
train/Red soil/Copy of annamalai-red-soil-suppliers-kotturpuram-chennai-red-soil-dealers-ey0ylh5r3e.jpg,7,Red soil,train,14795ba69bf84f8513f4349b26039a92,a702aa9d96aaaf94,964,yes,yes,included_in_cv
train/Red soil/Copy of brown-soil.jpg,7,Red soil,train,cd166595675a737b4d17b966041e680e,ea9035edc8d4ad4a,965,yes,yes,included_in_cv
train/Red soil/Copy of download (1).jpg,7,Red soil,train,74992158db91cc3ff54081edc595cf88,cc1d6e432cfc5d84,727,no,no,excluded_cross_class_duplicate_conflict
train/Red soil/Copy of download (2).jpg,7,Red soil,train,3ad488ab5a324fc8c39af3a85f21499f,d1a1b39b9d9e8c88,966,yes,yes,included_in_cv
train/Red soil/Copy of download.jpg,7,Red soil,train,18d50d7a8b462306c79c39da7aefb0fb,913a5530a257ab77,967,yes,yes,included_in_cv
train/Red soil/Copy of image.jpeg,7,Red soil,train,910e874446b24c17b08a5cba4f26466d,c09a12f6d778fa30,968,yes,yes,included_in_cv
train/Red soil/Copy of image14.jpeg,7,Red soil,train,f43d580b81f2f1fe189ea2427788cd83,efb9713d0319582c,688,no,no,excluded_cross_class_duplicate_conflict
train/Red soil/Copy of image15.jpeg,7,Red soil,train,74992158db91cc3ff54081edc595cf88,cc1d6e432cfc5d84,727,no,no,excluded_cross_class_duplicate_conflict
train/Red soil/Copy of image16.jpeg,7,Red soil,train,83e23ba842fa63b63d9f88d6b2ee4d66,d05ba51ef20bad0e,969,yes,yes,included_in_cv
train/Red soil/Copy of image17.jpeg,7,Red soil,train,17d7ee4f2ecf9e983370e1ccb8937107,ebe48416be5a811f,949,no,yes,included_in_cv
train/Red soil/Copy of image19.jpeg,7,Red soil,train,f5d76e391d4a8daaf442a89ff759acac,f1828c6d71d38ea5,970,yes,yes,included_in_cv
train/Red soil/Copy of image23.jpeg,7,Red soil,train,710e8da49b2c729719d97f4d1074d3c6,945ee10bb14fec1a,971,yes,yes,included_in_cv
train/Red soil/Copy of image24.jpeg,7,Red soil,train,698d8d0136739a113750f41df97e8f76,d1d687d488d39593,972,yes,yes,included_in_cv
train/Red soil/Copy of image25.jpeg,7,Red soil,train,dc773e0e720235fe9240b3a06b445f3f,949c9a5ae66de44c,973,yes,yes,included_in_cv
train/Red soil/Copy of image26.jpeg,7,Red soil,train,b7cfb5b54fcc09102fb2808382b25043,948ec36170f9bc1e,974,yes,yes,included_in_cv
train/Red soil/Copy of image30.jpeg,7,Red soil,train,c9afe96f87c382a674480d24edf8eb15,c485a6273f391bca,975,yes,yes,included_in_cv
train/Red soil/Copy of image31.jpeg,7,Red soil,train,3ad488ab5a324fc8c39af3a85f21499f,d1a1b39b9d9e8c88,966,no,yes,included_in_cv
train/Red soil/Copy of images (1).jpg,7,Red soil,train,aa868fc3e3633aa38ec991ed3cd26f4a,9183524c3d9e5b9e,976,yes,yes,included_in_cv
train/Red soil/Copy of images10.jpg,7,Red soil,train,d27016387be4b21269cec98f190a4de1,e46d2d551b3918f8,946,no,yes,included_in_cv
train/Red soil/Copy of images102.jpg,7,Red soil,train,3b96eb82390866fed37628919acb6511,d6b6a783c389892d,977,yes,yes,included_in_cv
train/Red soil/Copy of images104.jpg,7,Red soil,train,e16652ae47fbc39fa9d02ab1ee00804c,d52f7d126e25b301,978,yes,yes,included_in_cv
train/Red soil/Copy of images113.jpg,7,Red soil,train,7bd402e5ba2c8ced111d527b7c9fea19,ce8224eecd57e2c4,979,yes,yes,included_in_cv
train/Red soil/Copy of images117.jpg,7,Red soil,train,2e5d3fd25c4e764a750dba8439ee1a3e,9433717361625b37,980,yes,yes,included_in_cv
train/Red soil/Copy of images119.jpg,7,Red soil,train,72f47f279423fb16689a9300ea442155,8b8b898183dfcf98,981,yes,yes,included_in_cv
train/Red soil/Copy of images12.jpg,7,Red soil,train,59516aee254ce5cae32a4924abec7512,8787c1707cb81f0f,982,yes,yes,included_in_cv
train/Red soil/Copy of images120.jpg,7,Red soil,train,a9b23a9a8c5fdbc8b8b30e820e4fba10,ddfdd4808081bf3a,983,yes,yes,included_in_cv
train/Red soil/Copy of images121.jpg,7,Red soil,train,2e4b2ed671c460d8b8ac27d4756154ca,c2b6be6899a0b9c3,984,yes,yes,included_in_cv
train/Red soil/Copy of images122.jpg,7,Red soil,train,f42d1e60d23b8e7c93a0e250871de26c,97b7eb49d9586024,985,yes,yes,included_in_cv
train/Red soil/Copy of images125.jpg,7,Red soil,train,203021a55e846eb4be6733e07464a97a,818e3d5bd0e73728,986,yes,yes,included_in_cv
train/Red soil/Copy of images127.jpg,7,Red soil,train,9457ca4dc9ef38802a8b691eaa176f09,c74f42afa8a4b496,987,yes,yes,included_in_cv
train/Red soil/Copy of images13.jpg,7,Red soil,train,d83158504f92695456ecba1bb4db19eb,fe16a505bd53ea02,988,yes,yes,included_in_cv
train/Red soil/Copy of images131.jpg,7,Red soil,train,b00cbd05c33ce8169b2dcd5ecfd4dee4,b6290b556a52ab76,989,yes,yes,included_in_cv
train/Red soil/Copy of images134.jpg,7,Red soil,train,ff5cf5adf5923b85a0a5724d0d4f56ec,dd6426d0286e7c3d,990,yes,yes,included_in_cv
train/Red soil/Copy of images138.jpg,7,Red soil,train,31e0449e9b7b49009471de4e8051e20b,d3ccf29740d33e11,991,yes,yes,included_in_cv
train/Red soil/Copy of images139.jpg,7,Red soil,train,280cd01d87e1c3f7a6b7bfad8170b843,c4ef42dfb09123a5,992,yes,yes,included_in_cv
train/Red soil/Copy of images152.jpg,7,Red soil,train,6cb6e9fbb287f1d3f8a6ac491c09994c,ca974be10b8c36ea,993,yes,yes,included_in_cv
train/Red soil/Copy of images156.jpg,7,Red soil,train,22b7b659d07e7ca330ddf784166a2df4,910d2f1b36283b6f,994,yes,yes,included_in_cv
train/Red soil/Copy of images160.jpg,7,Red soil,train,f7675f463818c8af7e39024356121aec,c42f3c7109fc531e,995,yes,yes,included_in_cv
train/Red soil/Copy of images162.jpg,7,Red soil,train,1b219ebf3314f83cebf5ad96c080a4ce,c11c7d6b92ecd286,996,yes,yes,included_in_cv
train/Red soil/Copy of images165.jpg,7,Red soil,train,64d87643b38c745a0ac3eb62560fd891,98d8d8dacae0e566,997,yes,yes,included_in_cv
train/Red soil/Copy of images169.jpg,7,Red soil,train,6c2c532af814923c334338dccedf240f,f66c1f80e7641c5c,998,yes,yes,included_in_cv
train/Red soil/Copy of images171.jpg,7,Red soil,train,4887eaef5774b8cd47787aa610ac0bcb,d1c6375caaef8092,948,no,yes,included_in_cv
train/Red soil/Copy of images176.jpg,7,Red soil,train,c0bd5f35acf7cfe8cc12f3fbd9266d1b,ba552fc96a19c30d,999,yes,yes,included_in_cv
train/Red soil/Copy of images177.jpg,7,Red soil,train,56975b9c2923de44e2db381f0e433a50,ab6221b0dee1e1ad,1000,yes,yes,included_in_cv
train/Red soil/Copy of images183.jpg,7,Red soil,train,f4679e7487ee15c539d0ca78cb6a2d64,c730122b7e6b08fb,1001,yes,yes,included_in_cv
train/Red soil/Copy of images188.jpg,7,Red soil,train,5652cfe15eb5d09310a89f3ade9ee254,c41b45f21e8d5ace,1002,yes,yes,included_in_cv
train/Red soil/Copy of images189.jpg,7,Red soil,train,52509cad917f9cf49643515da7d00229,843157bb78ea1dc1,947,no,yes,included_in_cv
train/Red soil/Copy of images19.jpg,7,Red soil,train,eacfdb7a1dc966f80c2dd22f6a9c0ed4,d0dd75ce71e06688,1003,yes,yes,included_in_cv
train/Red soil/Copy of images191.jpg,7,Red soil,train,7ad32cd53d5b5f088dd62d2264127c42,aa80ff80dcb58fa1,1004,yes,yes,included_in_cv
train/Red soil/Copy of images192.jpg,7,Red soil,train,8a6e1083cfc9a7b1b3657db53bb2953a,ddc78487c69285ba,1005,yes,yes,included_in_cv
train/Red soil/Copy of images20.jpg,7,Red soil,train,18c5a8a1b3b88d0b1d9de77ac9acd82f,8de29cb10a136eeb,1006,yes,yes,included_in_cv
train/Red soil/Copy of images202.jpg,7,Red soil,train,526072ab584f3f0ebdb94b8149024388,c499bcf8c1a5c5d2,695,no,no,excluded_cross_class_duplicate_conflict
train/Red soil/Copy of images36.jpg,7,Red soil,train,539639386b63e47b923d7ecacf0c4fd9,c06d253cf0ffad08,1007,yes,yes,included_in_cv
train/Red soil/Copy of images37.jpg,7,Red soil,train,75047d2ad4f97cfcdbc6e99653a4580e,ba13b952e41ee11e,1008,yes,yes,included_in_cv
train/Red soil/Copy of images43.jpg,7,Red soil,train,fa4cc1d60a63ad5b73be3cf3b286760d,8997858f9297c5c6,1009,yes,yes,included_in_cv
train/Red soil/Copy of images45.jpg,7,Red soil,train,c9bc31c16c1013d67735ef31c513f270,f044ed0ee915aa57,1010,yes,yes,included_in_cv
train/Red soil/Copy of images46.jpg,7,Red soil,train,5bb8dd2d64d05106394b80d75d43e86c,d5dec1d2cc86d18a,1011,yes,yes,included_in_cv
train/Red soil/Copy of images6.jpg,7,Red soil,train,c373176b096f993b79e9763992e2afd1,c629b95690c855bf,1012,yes,yes,included_in_cv
train/Red soil/Copy of images68.jpg,7,Red soil,train,08f6f766cf98760eea05e9d5803827c9,c58748c83fe8a6e3,1013,yes,yes,included_in_cv
train/Red soil/Copy of images71.jpg,7,Red soil,train,2b0b0421bb54b4cb693385ac47f73e5f,8ccc387f83916b9a,1014,yes,yes,included_in_cv
train/Red soil/Copy of images77.jpg,7,Red soil,train,b2b9de50c300ebe75688fc8bb06d3188,c599058c54d53fa7,1015,yes,yes,included_in_cv
train/Red soil/Copy of images78.jpg,7,Red soil,train,e4cbc1e0cd427df97ba60f165219def0,8587cee642676627,1016,yes,yes,included_in_cv
train/Red soil/Copy of images8.jpg,7,Red soil,train,6138b95ba82099c46b7d085146f1045c,e82fcd49a4199b78,945,no,yes,included_in_cv
train/Red soil/Copy of images9.jpg,7,Red soil,train,eeb693c10a6d6dc00953afb29437eb7a,a702aa9d96aaaf94,964,no,yes,included_in_cv
train/Red soil/Copy of images95.jpg,7,Red soil,train,40790f42818a1c85edc59838239b6a03,993e17177d607823,1017,yes,yes,included_in_cv
train/Red soil/Copy of images96.jpg,7,Red soil,train,9f4f77c88f65a6cd99523e23909dac8b,ea903de9c8d4ad4a,965,no,yes,included_in_cv
train/Red soil/Copy of red-soil-500x5002.jpg,7,Red soil,train,153fafca898665e0cee0f46915a2c109,97b7eb49d9586024,985,no,yes,included_in_cv
train/Red soil/Copy of red-soil-background-6402446.jpg,7,Red soil,train,f574ed47bae3704bb3a3fbbc2e3f4edb,c43f2b9140ef1dc6,1018,yes,yes,included_in_cv
train/Red soil/Copy of red20clay-700x700.jpg,7,Red soil,train,14fe0b33edb550eb3b6ef5d7ef560480,ba542fc96a1bc30d,999,no,yes,included_in_cv
train/Red soil/Copy of red3.jpg,7,Red soil,train,7cdec822a03e63718a13c4c88157f3a4,8587cee642676627,1016,no,yes,included_in_cv
train/Red soil/Copy of utkl.jpg,7,Red soil,train,bcd31cefc5e55bfdaf51ee2023b4ff60,d1d687d488d39593,972,no,yes,included_in_cv
train/Red soil/Nc-red-clay-soil-2.jpg,7,Red soil,train,334dd0ed93073e84405c38528da11236,8de29cb10a136eeb,1006,no,yes,included_in_cv
train/Red soil/Red-soil-essay.jpg,7,Red soil,train,fcd68a990d6ae3011b714edd8da217ba,94d9d1cad096d595,952,no,yes,included_in_cv
train/Red soil/Red_1.jpg,7,Red soil,train,6679b37b16f692de5cdd99852ac4e0a2,8152f507f90bf40f,1019,yes,yes,included_in_cv
train/Red soil/Red_10.jpg,7,Red soil,train,c66b605fa45bb88526d356c83a8d53b2,902255ad6ffe5445,1020,yes,yes,included_in_cv
train/Red soil/Red_12.jpg,7,Red soil,train,1bd70d6243b60cd5490d9951151eb7a7,cc2238ed93f392cc,1021,yes,yes,included_in_cv
train/Red soil/Red_15.jpg,7,Red soil,train,8a8965bf535210e871346d858f9fe6dd,b999c76751b02347,1022,yes,yes,included_in_cv
train/Red soil/Red_16.jpg,7,Red soil,train,f3e1b8ef13d08356ea66d57f63599403,95b6ae91937ad812,1023,yes,yes,included_in_cv
train/Red soil/Red_18.jpg,7,Red soil,train,bf8359b66bb14ebfb9cfa8133d1fb718,964959b7a493c867,1024,yes,yes,included_in_cv
train/Red soil/Red_19.jpg,7,Red soil,train,8dcd5c15b5311e2103ee535e4501da61,a032b7aa97de5390,1025,yes,yes,included_in_cv
train/Red soil/Red_2.jpg,7,Red soil,train,c96d0d761ef7c501a84baa57b1cda590,8088ea2dbdf40dbb,1026,yes,yes,included_in_cv
train/Red soil/Red_20.jpg,7,Red soil,train,0f26faba659de0a2440a642191160a32,d1f3818d9ddd9890,1027,yes,yes,included_in_cv
train/Red soil/Red_21.jpg,7,Red soil,train,01aaf50fc6674f64f1d966d8925fdf76,d121426b746b8e9f,1028,yes,yes,included_in_cv
train/Red soil/Red_24.jpg,7,Red soil,train,80494cdf1cd8f4749fc372cbfdd855fa,86618fc6f9008f3f,1029,yes,yes,included_in_cv
train/Red soil/Red_29.jpg,7,Red soil,train,7f8b57e2ddd0d6b48bbc849af412ead6,f0f1d0d1d1f1d0d1,1030,yes,yes,included_in_cv
train/Red soil/Red_3.jpg,7,Red soil,train,42f56a07f550b8e88842c6dade17bf86,ebb2c262eea43117,1031,yes,yes,included_in_cv
train/Red soil/Red_32.jpg,7,Red soil,train,b7bbbb9aba4b64b0132c5610822f071c,c3c84556e845d6fa,1032,yes,yes,included_in_cv
train/Red soil/Red_35.jpg,7,Red soil,train,99fab9750d8cc01c23cbdc986396edae,c5c06c917b076e4f,1033,yes,yes,included_in_cv
train/Red soil/Red_36.jpg,7,Red soil,train,9679acd3ad664b6a6c03fea6f38d915b,d19194e6a3e8787a,1034,yes,yes,included_in_cv
train/Red soil/Red_37.jpg,7,Red soil,train,ecd06fd6de6028700db4f36b1119c452,ad0f9168d2a59753,1035,yes,yes,included_in_cv
train/Red soil/Red_38.jpg,7,Red soil,train,147677b208fc0f405f7c57471dfeb607,aae2a4b2a5d6b4d4,1036,yes,yes,included_in_cv
train/Red soil/Red_4.jpg,7,Red soil,train,d0a36b9bd53ee9d027d0c72696f73279,913a5530a257ab77,967,no,yes,included_in_cv
train/Red soil/Red_40.jpg,7,Red soil,train,54dd5e610351a623e7a2b2ab45381efc,d9c78483c7b285ba,1005,no,yes,included_in_cv
train/Red soil/Red_42.jpg,7,Red soil,train,a472e55d74d1fe68dda10111e41c8935,948ec36170f9bc1e,974,no,yes,included_in_cv
train/Red soil/Red_43.jpg,7,Red soil,train,1f9d93dae3c336b7cfa999d3f0e7417a,d09919999b99999b,1037,yes,yes,included_in_cv
train/Red soil/Red_44.jpg,7,Red soil,train,acf9614f254bd0181ff52fd627e2987e,c10505117f7dfc69,1038,yes,yes,included_in_cv
train/Red soil/Red_46.jpg,7,Red soil,train,910e874446b24c17b08a5cba4f26466d,c09a12f6d778fa30,968,no,yes,included_in_cv
train/Red soil/Red_5.jpg,7,Red soil,train,08f6f766cf98760eea05e9d5803827c9,c58748c83fe8a6e3,1013,no,yes,included_in_cv
train/Red soil/Red_6.jpg,7,Red soil,train,951db7a8f7c1a150e464132da586d46f,f8a34fc92c813b93,1039,yes,yes,included_in_cv
train/Red soil/Red_7.jpg,7,Red soil,train,030026a0e3564a10e539b810d2bb0fc5,f886736cee318c25,1040,yes,yes,included_in_cv
train/Red soil/Red_8.jpg,7,Red soil,train,0ded92c87c142ad9a7dfd7709b504911,f71f43a0b3b09c98,1041,yes,yes,included_in_cv
train/Red soil/Red_9.jpg,7,Red soil,train,8cb99b27e08fd7d46a37b0d76f9ba6c5,9051d3f7531a6555,1042,yes,yes,included_in_cv
train/Red soil/Sample6.0.jpg,7,Red soil,train,5aaa316a967d511820db9552ea7c2a5f,c03e3f6065c736cc,953,no,yes,included_in_cv
train/Red soil/Sample6.150.jpg,7,Red soil,train,c659c508e67cd8504d197007f59b58bb,9693694897359ed2,954,no,yes,included_in_cv
train/Red soil/Sample6.180.jpg,7,Red soil,train,4b29466132a3151bac94af7c73a50c45,95946aca306d6b67,955,no,yes,included_in_cv
train/Red soil/Sample6.30.jpg,7,Red soil,train,758d03998e7f68d99aab686da259fab2,ce3031c7668cdbb8,956,no,yes,included_in_cv
train/Red soil/Sample6.60.jpg,7,Red soil,train,547bc918bbbc40bf57ce106a2fc828eb,9e64719a66999e29,1043,yes,yes,included_in_cv
train/Red soil/Sample6.90.jpg,7,Red soil,train,a103dd841e0e01ffdec437ef30433c2a,85627a9d639066f3,1044,yes,yes,included_in_cv
train/Red soil/Sample8.0.jpg,7,Red soil,train,125efe34c213c87d23cfd004bfe9e01d,91367ac025cff48b,957,no,yes,included_in_cv
train/Red soil/Sample8.120.jpg,7,Red soil,train,5c7fd080e63280d92f14fc3e0c396f98,9e926969b3349e92,958,no,yes,included_in_cv
train/Red soil/Sample8.150.jpg,7,Red soil,train,4b5ed5e0f8545fed6616d2f8e7eb24c4,9b92386de6a4ce92,959,no,yes,included_in_cv
train/Red soil/Sample8.180.jpg,7,Red soil,train,71afa18f4dfcc166e9e316a4341ad660,c49d2f6a706da135,960,no,yes,included_in_cv
train/Red soil/Sample8.60.jpg,7,Red soil,train,00171c5ea9d49c1032794602c7b54bda,9a4f69b4a64b9a85,962,no,yes,included_in_cv
train/Red soil/Sample8.90.jpg,7,Red soil,train,d2f0c43bf2456fc06eb55574b9946669,97c96a1d25b16572,963,no,yes,included_in_cv
train/Red soil/annamalai-red-soil-suppliers-kotturpuram-chennai-red-soil-dealers-ey0ylh5r3e.jpg,7,Red soil,train,14795ba69bf84f8513f4349b26039a92,a702aa9d96aaaf94,964,no,yes,included_in_cv
train/Red soil/brown-soil.jpg,7,Red soil,train,cd166595675a737b4d17b966041e680e,ea9035edc8d4ad4a,965,no,yes,included_in_cv
train/Red soil/image.jpeg,7,Red soil,train,910e874446b24c17b08a5cba4f26466d,c09a12f6d778fa30,968,no,yes,included_in_cv
train/Red soil/image12.jpeg,7,Red soil,train,18d50d7a8b462306c79c39da7aefb0fb,913a5530a257ab77,967,no,yes,included_in_cv
train/Red soil/image14.jpeg,7,Red soil,train,f43d580b81f2f1fe189ea2427788cd83,efb9713d0319582c,688,no,no,excluded_cross_class_duplicate_conflict
train/Red soil/image15.jpeg,7,Red soil,train,74992158db91cc3ff54081edc595cf88,cc1d6e432cfc5d84,727,no,no,excluded_cross_class_duplicate_conflict
train/Red soil/image16.jpeg,7,Red soil,train,83e23ba842fa63b63d9f88d6b2ee4d66,d05ba51ef20bad0e,969,no,yes,included_in_cv
train/Red soil/image17.jpeg,7,Red soil,train,17d7ee4f2ecf9e983370e1ccb8937107,ebe48416be5a811f,949,no,yes,included_in_cv
train/Red soil/image19.jpeg,7,Red soil,train,f5d76e391d4a8daaf442a89ff759acac,f1828c6d71d38ea5,970,no,yes,included_in_cv
train/Red soil/image2.jpeg,7,Red soil,train,4061ad183489af5800db9ceff3ec9118,e0fa3929f790d20e,1045,yes,yes,included_in_cv
train/Red soil/image23.jpeg,7,Red soil,train,710e8da49b2c729719d97f4d1074d3c6,945ee10bb14fec1a,971,no,yes,included_in_cv
train/Red soil/image24.jpeg,7,Red soil,train,698d8d0136739a113750f41df97e8f76,d1d687d488d39593,972,no,yes,included_in_cv
train/Red soil/image25.jpeg,7,Red soil,train,dc773e0e720235fe9240b3a06b445f3f,949c9a5ae66de44c,973,no,yes,included_in_cv
train/Red soil/image26.jpeg,7,Red soil,train,b7cfb5b54fcc09102fb2808382b25043,948ec36170f9bc1e,974,no,yes,included_in_cv
train/Red soil/image3.jpeg,7,Red soil,train,8a6e1083cfc9a7b1b3657db53bb2953a,ddc78487c69285ba,1005,no,yes,included_in_cv
train/Red soil/image30.jpeg,7,Red soil,train,c9afe96f87c382a674480d24edf8eb15,c485a6273f391bca,975,no,yes,included_in_cv
train/Red soil/image31.jpeg,7,Red soil,train,3ad488ab5a324fc8c39af3a85f21499f,d1a1b39b9d9e8c88,966,no,yes,included_in_cv
train/Red soil/image8.jpeg,7,Red soil,train,5070d794b572bbc98b072d2a179f4081,ad16f84ab942e917,1046,yes,yes,included_in_cv
train/Red soil/images10.jpg,7,Red soil,train,d27016387be4b21269cec98f190a4de1,e46d2d551b3918f8,946,no,yes,included_in_cv
train/Red soil/images12.jpg,7,Red soil,train,59516aee254ce5cae32a4924abec7512,8787c1707cb81f0f,982,no,yes,included_in_cv
train/Red soil/images121.jpg,7,Red soil,train,2e4b2ed671c460d8b8ac27d4756154ca,c2b6be6899a0b9c3,984,no,yes,included_in_cv
train/Red soil/images13.jpg,7,Red soil,train,d83158504f92695456ecba1bb4db19eb,fe16a505bd53ea02,988,no,yes,included_in_cv
train/Red soil/images134.jpg,7,Red soil,train,ff5cf5adf5923b85a0a5724d0d4f56ec,dd6426d0286e7c3d,990,no,yes,included_in_cv
train/Red soil/images137.jpg,7,Red soil,train,8cd5a758611c5f7c910f228585729881,b9d2cc2dd2730bc4,1047,yes,yes,included_in_cv
train/Red soil/images138.jpg,7,Red soil,train,31e0449e9b7b49009471de4e8051e20b,d3ccf29740d33e11,991,no,yes,included_in_cv
train/Red soil/images143.jpg,7,Red soil,train,c080602297c315ca79f7ac0e6445c22b,8670015f5645e9fd,1048,yes,yes,included_in_cv
train/Red soil/images16.jpg,7,Red soil,train,f3a08c3cdf704133d3d214fb56328625,9480e6a35bd3d9f0,1049,yes,yes,included_in_cv
train/Red soil/images160.jpg,7,Red soil,train,f7675f463818c8af7e39024356121aec,c42f3c7109fc531e,995,no,yes,included_in_cv
train/Red soil/images162.jpg,7,Red soil,train,1b219ebf3314f83cebf5ad96c080a4ce,c11c7d6b92ecd286,996,no,yes,included_in_cv
train/Red soil/images165.jpg,7,Red soil,train,64d87643b38c745a0ac3eb62560fd891,98d8d8dacae0e566,997,no,yes,included_in_cv
train/Red soil/images168.jpg,7,Red soil,train,906cda1f896e389881ff23729401de9b,ed37c9a691482ea5,1050,yes,yes,included_in_cv
train/Red soil/images169.jpg,7,Red soil,train,6c2c532af814923c334338dccedf240f,f66c1f80e7641c5c,998,no,yes,included_in_cv
train/Red soil/images176.jpg,7,Red soil,train,c0bd5f35acf7cfe8cc12f3fbd9266d1b,ba552fc96a19c30d,999,no,yes,included_in_cv
train/Red soil/images183.jpg,7,Red soil,train,f4679e7487ee15c539d0ca78cb6a2d64,c730122b7e6b08fb,1001,no,yes,included_in_cv
train/Red soil/images188.jpg,7,Red soil,train,5652cfe15eb5d09310a89f3ade9ee254,c41b45f21e8d5ace,1002,no,yes,included_in_cv
train/Red soil/images189.jpg,7,Red soil,train,52509cad917f9cf49643515da7d00229,843157bb78ea1dc1,947,no,yes,included_in_cv
train/Red soil/images19.jpg,7,Red soil,train,eacfdb7a1dc966f80c2dd22f6a9c0ed4,d0dd75ce71e06688,1003,no,yes,included_in_cv
train/Red soil/images191.jpg,7,Red soil,train,7ad32cd53d5b5f088dd62d2264127c42,aa80ff80dcb58fa1,1004,no,yes,included_in_cv
train/Red soil/images192.jpg,7,Red soil,train,8a6e1083cfc9a7b1b3657db53bb2953a,ddc78487c69285ba,1005,no,yes,included_in_cv
train/Red soil/images195.jpg,7,Red soil,train,f7c8754d607285d912d371e7c93654ff,ff70c7c0c383828f,1051,yes,yes,included_in_cv
train/Red soil/images20.jpg,7,Red soil,train,18c5a8a1b3b88d0b1d9de77ac9acd82f,8de29cb10a136eeb,1006,no,yes,included_in_cv
train/Red soil/images202.jpg,7,Red soil,train,526072ab584f3f0ebdb94b8149024388,c499bcf8c1a5c5d2,695,no,no,excluded_cross_class_duplicate_conflict
train/Red soil/images36.jpg,7,Red soil,train,539639386b63e47b923d7ecacf0c4fd9,c06d253cf0ffad08,1007,no,yes,included_in_cv
train/Red soil/images37.jpg,7,Red soil,train,75047d2ad4f97cfcdbc6e99653a4580e,ba13b952e41ee11e,1008,no,yes,included_in_cv
train/Red soil/images46.jpg,7,Red soil,train,5bb8dd2d64d05106394b80d75d43e86c,d5dec1d2cc86d18a,1011,no,yes,included_in_cv
train/Red soil/images59.jpg,7,Red soil,train,a0a2215fcd93d9221787f538eac4724e,c2b6be6898a0b9c7,984,no,yes,included_in_cv
train/Red soil/images6.jpg,7,Red soil,train,c373176b096f993b79e9763992e2afd1,c629b95690c855bf,1012,no,yes,included_in_cv
train/Red soil/images68.jpg,7,Red soil,train,08f6f766cf98760eea05e9d5803827c9,c58748c83fe8a6e3,1013,no,yes,included_in_cv
train/Red soil/images71.jpg,7,Red soil,train,2b0b0421bb54b4cb693385ac47f73e5f,8ccc387f83916b9a,1014,no,yes,included_in_cv
train/Red soil/images77.jpg,7,Red soil,train,b2b9de50c300ebe75688fc8bb06d3188,c599058c54d53fa7,1015,no,yes,included_in_cv
train/Red soil/images78.jpg,7,Red soil,train,e4cbc1e0cd427df97ba60f165219def0,8587cee642676627,1016,no,yes,included_in_cv
train/Red soil/images8.jpg,7,Red soil,train,6138b95ba82099c46b7d085146f1045c,e82fcd49a4199b78,945,no,yes,included_in_cv
train/Red soil/images9.jpg,7,Red soil,train,eeb693c10a6d6dc00953afb29437eb7a,a702aa9d96aaaf94,964,no,yes,included_in_cv
train/Red soil/red-soil-500x5002.jpg,7,Red soil,train,153fafca898665e0cee0f46915a2c109,97b7eb49d9586024,985,no,yes,included_in_cv
train/Red soil/red20clay-700x700.jpg,7,Red soil,train,14fe0b33edb550eb3b6ef5d7ef560480,ba542fc96a1bc30d,999,no,yes,included_in_cv
train/Red soil/red3.jpg,7,Red soil,train,7cdec822a03e63718a13c4c88157f3a4,8587cee642676627,1016,no,yes,included_in_cv
train/Red soil/utkl.jpg,7,Red soil,train,bcd31cefc5e55bfdaf51ee2023b4ff60,d1d687d488d39593,972,no,yes,included_in_cv
val/Alluvial soil/Alluvial_24.jpg,0,Alluvial soil,val,c305f459ccf9c40fce434e578b914d01,e742e212ad79e847,1052,yes,yes,included_in_cv
val/Alluvial soil/Alluvial_29.jpg,0,Alluvial soil,val,dbc0e2cdfaccf7bf05eb7c4ad7b36c4e,bd366f9f802905a3,1053,yes,yes,included_in_cv
val/Alluvial soil/Alluvial_45.jpg,0,Alluvial soil,val,16a53aaece0a6f7bf0f11cea52aa068e,d543bd52e750c81e,1054,yes,yes,included_in_cv
val/Alluvial soil/Copy of 01060602previewen-02d.jpg,0,Alluvial soil,val,9379beae4ee990e5104b070120017d9a,b5a0d0d29fd4d385,1055,yes,yes,included_in_cv
val/Alluvial soil/Copy of Alluvial-soil-distribution-in-India-1.jpeg,0,Alluvial soil,val,26b92858855205328521e60065b4fdf3,dc92c9ac92b596e2,0,no,yes,included_in_cv
val/Alluvial soil/Copy of IMG-20220531-WA0017.jpg,0,Alluvial soil,val,97354ca8a2164351381c6511e08d3329,c87479727e2c6453,27,no,yes,included_in_cv
val/Alluvial soil/Copy of IMG-20220531-WA0028.jpg,0,Alluvial soil,val,bb89590e410327557f88211027eb0afc,cd54c8e2ff38a4c1,64,no,yes,included_in_cv
val/Alluvial soil/Copy of IMG-20220531-WA0030.jpg,0,Alluvial soil,val,07681a56c12c72d967c08a95e0189d83,c834f9a27e3d2453,27,no,yes,included_in_cv
val/Alluvial soil/Copy of IMG-20220531-WA0031.jpg,0,Alluvial soil,val,2fe73311454b550c1dcc16d841603796,c814d8e2fe3c2cd3,27,no,yes,included_in_cv
val/Alluvial soil/Copy of IMG-20220531-WA0044.jpg,0,Alluvial soil,val,00bdc9b03bd9eb4549a6c49a0349772a,cd56c8e2df38a4c1,64,no,yes,included_in_cv
val/Alluvial soil/Copy of IMG-20220531-WA0047.jpg,0,Alluvial soil,val,dcf90b295e15efd7fdaf415d74e94d7b,c148fc9248b4f55f,30,no,yes,included_in_cv
val/Alluvial soil/Copy of IMG-20220531-WA0051.jpg,0,Alluvial soil,val,35a7ad41d8f309385178a2e37eed8592,c96cfc9248a4f547,30,no,yes,included_in_cv
val/Alluvial soil/Copy of IMG-20220531-WA0056.jpg,0,Alluvial soil,val,b8f6c71d34f1d809451b8a0778e06453,c17cfcb04968b665,32,no,yes,included_in_cv
val/Alluvial soil/Copy of IMG-20220531-WA0057.jpg,0,Alluvial soil,val,e0e789eebd05231a27bfa8ebd9be8365,c15cfcb049e8b665,32,no,yes,included_in_cv
val/Alluvial soil/Copy of IMG-20220531-WA0058.jpg,0,Alluvial soil,val,f727b89e17e3dedfe9f69e20502eaf64,c15cfdb40168be65,32,no,yes,included_in_cv
val/Alluvial soil/Copy of IMG-20220531-WA0066.jpg,0,Alluvial soil,val,88cd3bebebd39e642b8d4beace56ce2b,d384b1ece940477d,34,no,yes,included_in_cv
val/Alluvial soil/Copy of IMG-20220531-WA0067.jpg,0,Alluvial soil,val,e126e006d887ffe69e39c7c1a0226327,d384b0ece942477d,34,no,yes,included_in_cv
val/Alluvial soil/Copy of IMG-20220531-WA0072.jpg,0,Alluvial soil,val,9aad8a2f7d58914a1f3d9bbd34133c10,d38cf0eceb405179,35,no,yes,included_in_cv
val/Alluvial soil/Copy of IMG-20220531-WA0086.jpg,0,Alluvial soil,val,c4d91fc7b396f6d3988a7add7001dfa0,c768d3b9e14af016,38,no,yes,included_in_cv
val/Alluvial soil/Copy of IMG-20220531-WA0087.jpg,0,Alluvial soil,val,68de26d018e2e5ce964a13ee20735527,9a679c0d35e6c22d,37,no,yes,included_in_cv
val/Alluvial soil/Copy of IMG-20220531-WA0091.jpg,0,Alluvial soil,val,a39b69df1d22a6cb3b9532b90dea97b3,c768d3b9e14af016,38,no,yes,included_in_cv
val/Alluvial soil/Copy of Sample10.0.jpg,0,Alluvial soil,val,c235f0194cbdee98722580410cf9cd71,d09e2f3135e0e28f,1056,yes,yes,included_in_cv
val/Alluvial soil/Copy of Sample10.150.jpg,0,Alluvial soil,val,f0cbdca56d7a2e24b14639d03cf29406,9e6969968661da69,1057,yes,yes,included_in_cv
val/Alluvial soil/Copy of Sample11.120.jpg,0,Alluvial soil,val,808e803aea8986dcb40cecad719f04fd,cf863069c3931ccf,72,no,yes,included_in_cv
val/Alluvial soil/Copy of Sample11.150.jpg,0,Alluvial soil,val,06dadcf227d023974ea14d7cfc3ecd58,cbcd3072c7328ccd,73,no,yes,included_in_cv
val/Alluvial soil/Copy of Sample13.120.jpg,0,Alluvial soil,val,4d2c641ff1145e0faf0aa99d6662e3fc,cdcc30319bc7cd8c,1058,yes,yes,included_in_cv
val/Alluvial soil/Copy of Sample13.60.jpg,0,Alluvial soil,val,59a6a091f989a8d88854ea963a5c6d52,999b65649e929999,76,no,yes,included_in_cv
val/Alluvial soil/Copy of Sample9.150.jpg,0,Alluvial soil,val,17d350b8875f4ccb58fae7e653f03368,936c6c3ac6d39a4c,1059,yes,yes,included_in_cv
val/Alluvial soil/Copy of image (2).jpeg,0,Alluvial soil,val,656f5024d04a29d4ef623f09e0061b8c,88062c17b67ffc70,1060,yes,yes,included_in_cv
val/Alluvial soil/Copy of image2 (2).jpeg,0,Alluvial soil,val,7fb4ea1c78b24c36351e37842856f880,a771a6011acd7cae,54,no,yes,included_in_cv
val/Alluvial soil/Copy of photo_2022-06-01_07-06-07.jpg,0,Alluvial soil,val,5a726e9001241de6ef30012d21a1a58b,8a779c0d35e2c23d,37,no,yes,included_in_cv
val/Alluvial soil/Copy of photo_2022-06-01_07-06-52.jpg,0,Alluvial soil,val,25b124509b9b94d44d5da1b0fa34e3c2,d28cf2eceb405179,35,no,yes,included_in_cv
val/Alluvial soil/Copy of photo_2022-06-01_07-07-00.jpg,0,Alluvial soil,val,b21b1dd7bf10149293c7dfc82989c7c3,c551f5b51515c54d,28,no,yes,included_in_cv
val/Alluvial soil/Copy of photo_2022-06-01_07-07-37.jpg,0,Alluvial soil,val,3f3035816891464429d063559bb641e3,d384b1eca9e081fd,33,no,yes,included_in_cv
val/Alluvial soil/Copy of photo_2022-06-01_07-07-52.jpg,0,Alluvial soil,val,00b7b7a717dd0e300c1da3fc811e177d,d384b1eca9c085fd,33,no,yes,included_in_cv
val/Alluvial soil/Copy of photo_2022-06-01_07-08-14.jpg,0,Alluvial soil,val,0ab945aeea76db73a41c3686708d263d,c17cfcb04968b665,32,no,yes,included_in_cv
val/Alluvial soil/Copy of photo_2022-06-01_07-08-46.jpg,0,Alluvial soil,val,fa176b519946066478468c810afedec5,c55a7d341535b50d,31,no,yes,included_in_cv
val/Alluvial soil/Copy of photo_2022-06-01_07-09-11.jpg,0,Alluvial soil,val,cd2e99eda29259bd81008064fc37f307,c148fc9241a5fe7a,30,no,yes,included_in_cv
val/Alluvial soil/Copy of photo_2022-06-01_07-09-27.jpg,0,Alluvial soil,val,3577ccca0989655c9c122df6600e90dc,c83479b27f3c2453,27,no,yes,included_in_cv
val/Alluvial soil/Copy of seamless-texture-dry-cracked-sand-clay-soil_97070-1703.jpg,0,Alluvial soil,val,01e647fbe2fa61ced98c922a3056c63e,89c0eab179896cf6,1061,yes,yes,included_in_cv
val/Alluvial soil/IMG-20220531-WA0017.jpg,0,Alluvial soil,val,97354ca8a2164351381c6511e08d3329,c87479727e2c6453,27,no,yes,included_in_cv
val/Alluvial soil/IMG-20220531-WA0018.jpg,0,Alluvial soil,val,a35c0947ff55aaa0c1f44704f3e85f03,c83479727e3c6453,27,no,yes,included_in_cv
val/Alluvial soil/IMG-20220531-WA0036.jpg,0,Alluvial soil,val,c4eab08275ecbf8c439224c29c7a8e1b,c5517db51535854d,28,no,yes,included_in_cv
val/Alluvial soil/IMG-20220531-WA0040.jpg,0,Alluvial soil,val,8fea38c67d42d8f0d7e9d40a8ac3c331,c168fcd201a57a7e,29,no,yes,included_in_cv
val/Alluvial soil/IMG-20220531-WA0043.jpg,0,Alluvial soil,val,dc0e79bf6209b85068b29331c3e2a984,c16cfc9248b4f547,30,no,yes,included_in_cv
val/Alluvial soil/IMG-20220531-WA0050.jpg,0,Alluvial soil,val,ce2d6304eeeb2108544d8d4c2ca1a708,c16cfc9248b4f547,30,no,yes,included_in_cv
val/Alluvial soil/IMG-20220531-WA0052.jpg,0,Alluvial soil,val,ffa3f3be5df34d7b27354bac088be20c,c96cfc9248a4f547,30,no,yes,included_in_cv
val/Alluvial soil/IMG-20220531-WA0055.jpg,0,Alluvial soil,val,eeb6aab2c27e99d5cfbc2ed3d100ea4e,c17cfcb04968b665,32,no,yes,included_in_cv
val/Alluvial soil/IMG-20220531-WA0058.jpg,0,Alluvial soil,val,f727b89e17e3dedfe9f69e20502eaf64,c15cfdb40168be65,32,no,yes,included_in_cv
val/Alluvial soil/IMG-20220531-WA0059.jpg,0,Alluvial soil,val,ebfa30336cd6148951b779c3412928af,c14cfdb41168bea5,32,no,yes,included_in_cv
val/Alluvial soil/IMG-20220531-WA0066.jpg,0,Alluvial soil,val,88cd3bebebd39e642b8d4beace56ce2b,d384b1ece940477d,34,no,yes,included_in_cv
val/Alluvial soil/IMG-20220531-WA0070.jpg,0,Alluvial soil,val,2526b267649c1d405011779e28eb68d0,c55175b51535c54d,28,no,yes,included_in_cv
val/Alluvial soil/IMG-20220531-WA0071.jpg,0,Alluvial soil,val,a65f17ca9072449a7e1b94e20d69d3ba,d384b2ece940477d,34,no,yes,included_in_cv
val/Alluvial soil/IMG-20220531-WA0073.jpg,0,Alluvial soil,val,823e43f7f25a33f4e25b0f4788175c59,d28cf2eceb405179,35,no,yes,included_in_cv
val/Alluvial soil/IMG-20220531-WA0077.jpg,0,Alluvial soil,val,433b7c7708a55da130565e34b7ad17f9,9423c65ca3d35aae,36,no,yes,included_in_cv
val/Alluvial soil/IMG-20220531-WA0079.jpg,0,Alluvial soil,val,714430ff274bd9f38941c2609ea3c04f,c5537db51535850d,28,no,yes,included_in_cv
val/Alluvial soil/IMG-20220531-WA0080.jpg,0,Alluvial soil,val,9699f18c699fb9302978a6acbaefcf32,9423c658a3d75aae,36,no,yes,included_in_cv
val/Alluvial soil/IMG-20220531-WA0090.jpg,0,Alluvial soil,val,09ee2827d75dc63a3ff2dfea3651f8cf,cf68d3b9e94aa016,38,no,yes,included_in_cv
val/Alluvial soil/IMG-20220531-WA0092.jpg,0,Alluvial soil,val,49cd8aaf2af1175f5aff4c4071f425f7,c768d3b9e14ae816,38,no,yes,included_in_cv
val/Alluvial soil/OIP.KVkf9QJRKPigCm0hKBI3qAEsDh2.jpg,0,Alluvial soil,val,9b365b40507651020a04044db1fd4cc8,ffde40d6c2ca8283,1062,yes,yes,included_in_cv
val/Alluvial soil/OIP.lf-P9Z4OogePsv6aa0-cFQHaFT.jpg,0,Alluvial soil,val,15749f092819db3613d9c83a802e7700,c7a429afa724a627,1063,yes,yes,included_in_cv
val/Alluvial soil/Sample13.120.jpg,0,Alluvial soil,val,4d2c641ff1145e0faf0aa99d6662e3fc,cdcc30319bc7cd8c,1058,no,yes,included_in_cv
val/Alluvial soil/alluvial-soil-1kg-green-era-original-imag4r54wbucymtp.jpeg,0,Alluvial soil,val,195fe541b67c20f88335474dd681cbdc,ab64dba5503f3829,55,no,yes,included_in_cv
val/Alluvial soil/alluvial-soil-profile-agricultural-land-600w-1867228486.jpg,0,Alluvial soil,val,332544dec8f3b0ce1a3aeed24544846b,941dc053e92add5d,56,no,yes,included_in_cv
val/Alluvial soil/aug_0_1482.jpg,0,Alluvial soil,val,8b1e4c52281c13aef4d18b287854b49c,924c5b72c5ca66f4,1064,yes,yes,included_in_cv
val/Alluvial soil/aug_0_1592.jpg,0,Alluvial soil,val,1c6c323ec6376bfcdde87790910076e9,c38c73fb24179907,1065,yes,yes,included_in_cv
val/Alluvial soil/aug_0_1769.jpg,0,Alluvial soil,val,4cd08392d51dd37f83a815b8184372c6,93c78e8939376938,1066,yes,yes,included_in_cv
val/Alluvial soil/aug_0_2693.jpg,0,Alluvial soil,val,8facf906ea652ab2c043f26aed47b37a,dc0b46e934d869b6,1067,yes,yes,included_in_cv
val/Alluvial soil/aug_0_3616.jpg,0,Alluvial soil,val,eb5734b3e5bc098c185a4508a1393e05,ce332db6586eb190,1068,yes,yes,included_in_cv
val/Alluvial soil/aug_0_4718.jpg,0,Alluvial soil,val,8a2f6c9fa175b91041515e9e7bb67701,91ce36913df2e11c,1069,yes,yes,included_in_cv
val/Alluvial soil/aug_0_5770.jpg,0,Alluvial soil,val,e7fb1eebb295fef2fdc5f0abbfcea32b,93cd30477cc6897a,1070,yes,yes,included_in_cv
val/Alluvial soil/aug_0_6849.jpg,0,Alluvial soil,val,6b579406b9d554c602bb8478b2512c2e,b7d869260e7d720c,1071,yes,yes,included_in_cv
val/Alluvial soil/aug_0_7202.jpg,0,Alluvial soil,val,c115bb0623c07897ea1aa7ba267ce5bc,96f9261ef18cfa10,1072,yes,yes,included_in_cv
val/Alluvial soil/aug_0_7705.jpg,0,Alluvial soil,val,ba2ee90e40ac0de0b6e4478ad3ed2a7e,e39c76330966b41e,1073,yes,yes,included_in_cv
val/Alluvial soil/aug_0_7958.jpg,0,Alluvial soil,val,149cc25581fb58f1a2790dca0f90e8cb,c46a990e6724cfe3,1074,yes,yes,included_in_cv
val/Alluvial soil/image (2).jpeg,0,Alluvial soil,val,656f5024d04a29d4ef623f09e0061b8c,88062c17b67ffc70,1060,no,yes,included_in_cv
val/Alluvial soil/image30 (2).jpeg,0,Alluvial soil,val,6def30f858102ce163a520c49a94f429,a771a6011ecd7cac,54,no,yes,included_in_cv
val/Alluvial soil/image5.jpeg,0,Alluvial soil,val,68f25edbb9ac4d6c66c20faaaab46cde,8c7b76710a1d86f2,1075,yes,yes,included_in_cv
val/Alluvial soil/image8.jpeg,0,Alluvial soil,val,9151ba2fe733865adee0a5184470d883,a492ad537668b26d,1076,yes,yes,included_in_cv
val/Alluvial soil/images42.jpg,0,Alluvial soil,val,d342841a3780acbf6d8e3c217d9d3775,8d2f6ef6b6113062,62,no,yes,included_in_cv
val/Alluvial soil/images86.jpg,0,Alluvial soil,val,a7dd6627fe39eeaa73438c84d98e3029,ae2ee8f8d0558dc4,142,no,yes,included_in_cv
val/Alluvial soil/images96.jpg,0,Alluvial soil,val,b3920091648ad815a6f84126455f317a,d51e3c262f3e2b41,39,no,yes,included_in_cv
val/Alluvial soil/photo_2022-06-01_07-06-07.jpg,0,Alluvial soil,val,5a726e9001241de6ef30012d21a1a58b,8a779c0d35e2c23d,37,no,yes,included_in_cv
val/Alluvial soil/photo_2022-06-01_07-06-18.jpg,0,Alluvial soil,val,850063a893765db32f03711c799280a5,9a779c0d35e2c22d,37,no,yes,included_in_cv
val/Alluvial soil/photo_2022-06-01_07-06-41.jpg,0,Alluvial soil,val,23966f881bb769009230aacd16142bfe,9423c658a3d75aae,36,no,yes,included_in_cv
val/Alluvial soil/photo_2022-06-01_07-07-11.jpg,0,Alluvial soil,val,383ab5e95682cad7a86386b79c573e14,d384b1eca9c085fd,33,no,yes,included_in_cv
val/Alluvial soil/photo_2022-06-01_07-07-41.jpg,0,Alluvial soil,val,125185dc903bf5f4c555bf10e7513459,c14cfdb41168bea5,32,no,yes,included_in_cv
val/Alluvial soil/photo_2022-06-01_07-08-07.jpg,0,Alluvial soil,val,07f43c6c1db388ab7ae1c60c4638b92f,c15cfcb049e8b665,32,no,yes,included_in_cv
val/Alluvial soil/photo_2022-06-01_07-08-10.jpg,0,Alluvial soil,val,399a263d82621930210413d32a5d4edc,c17cfcb04968b665,32,no,yes,included_in_cv
val/Alluvial soil/photo_2022-06-01_07-08-14.jpg,0,Alluvial soil,val,0ab945aeea76db73a41c3686708d263d,c17cfcb04968b665,32,no,yes,included_in_cv
val/Alluvial soil/photo_2022-06-01_07-08-22.jpg,0,Alluvial soil,val,f7677504bf844fdec4423b7f68f9ebc1,c17cfcb049e8b645,32,no,yes,included_in_cv
val/Alluvial soil/photo_2022-06-01_07-08-29.jpg,0,Alluvial soil,val,30fc4fa0597482cf60a735be9c8526dd,c16cfc9248b4f547,30,no,yes,included_in_cv
val/Alluvial soil/photo_2022-06-01_07-09-01.jpg,0,Alluvial soil,val,c14cc747b5748ae56bb48240e53f9353,cd56c8e2df38a4c1,64,no,yes,included_in_cv
val/Alluvial soil/photo_2022-06-01_07-09-17.jpg,0,Alluvial soil,val,cf3b603feceb1bccdae81d242c20243e,c551f5959595c545,28,no,yes,included_in_cv
val/Alluvial soil/photo_2022-06-01_07-09-39.jpg,0,Alluvial soil,val,51a1f021d00f4977ecdf2a69d5e307c5,c83479b27e3c2c53,27,no,yes,included_in_cv
val/Alluvial soil/photo_2022-06-01_07-09-53.jpg,0,Alluvial soil,val,68075e5e2d7daf648fac8653ae66f1f5,c87479727e2c6453,27,no,yes,included_in_cv
val/Alluvial soil/photo_2022-06-01_07-10-17.jpg,0,Alluvial soil,val,4daabda1d8b657a1798e4dd466ffb287,c814d8a2fe3d2cd3,27,no,yes,included_in_cv
val/Alluvial soil/regular-alluvium-soil-structures-on-600w-595009385.jpg,0,Alluvial soil,val,2e14ad7fa9fd3a2ca7af90b6c35d8d8f,a04ed61df50af60b,153,no,yes,included_in_cv
val/Alluvial soil/river-alluvial-silt-260nw-1055516195.jpg,0,Alluvial soil,val,abc09b32d00098a32e38ba97f78c9ac2,d512a51fc94fac46,1077,yes,yes,included_in_cv
val/Andosol/andosol-003.jpg,1,Andosol,val,1a4f69e87da87ba678aa732d7bdae335,8dec80b767ba4a15,1078,yes,yes,included_in_cv
val/Andosol/andosol-014.jpg,1,Andosol,val,a1ac128d8f07cd4e41f55e5fd492a4fb,b043497836b7bcac,1079,yes,yes,included_in_cv
val/Andosol/andosol-020.jpg,1,Andosol,val,57258c392f553cf69d7f11056ece616a,8a1f356c6a9a7f80,1080,yes,yes,included_in_cv
val/Andosol/andosol-041.jpg,1,Andosol,val,9060997b0e9ce99842e2ee835f97c848,c9347ccaf6a248d3,1081,yes,yes,included_in_cv
val/Andosol/andosol-047.jpg,1,Andosol,val,1e2d6498fadc8de6c39cf4f32c444732,d8b9d5e222ef0f40,1082,yes,yes,included_in_cv
val/Andosol/andosol-049.jpg,1,Andosol,val,c4f465309d11405e9145c453c0fbdd45,93d727a95fc10a19,1083,yes,yes,included_in_cv
val/Andosol/andosol-053.jpg,1,Andosol,val,3cd6891df43df0c5cd9defba182ec2e0,d3da3cc64af20731,1084,yes,yes,included_in_cv
val/Andosol/andosol-055.jpg,1,Andosol,val,2a76b4cefce1b0a882d89e5bc83c2712,928705f35318d5f6,1085,yes,yes,included_in_cv
val/Andosol/andosol-061.jpg,1,Andosol,val,f1024f611a10aa870d68a936515ad02d,bd74766a616a0e98,1086,yes,yes,included_in_cv
val/Andosol/andosol-064.jpg,1,Andosol,val,4db857b9e3a43017cc59d4527d4d35a4,e5c90cd2631deb07,1087,yes,yes,included_in_cv
val/Andosol/andosol-074.jpg,1,Andosol,val,d7fe98370ea37f323cfc5fd82289385d,dd4752c08c8ed6f2,1088,yes,yes,included_in_cv
val/Andosol/andosol-089.jpg,1,Andosol,val,f7ef0ae8c60241747dfd3d12bb9fb52b,9d507927c4fa816d,1089,yes,yes,included_in_cv
val/Andosol/andosol-095.jpg,1,Andosol,val,8c6704482018d80e61c1f50bd23f5eff,baaba085f09e31b6,1090,yes,yes,included_in_cv
val/Andosol/andosol-104.jpg,1,Andosol,val,b3b4f45898bfc5492c864d486a5fed4d,fcc13b70e61c30d5,1091,yes,yes,included_in_cv
val/Andosol/andosol-107.jpg,1,Andosol,val,d193d420f31c41a72ff643ecbdb0485c,c4e45fd5b9d43814,1092,yes,yes,included_in_cv
val/Andosol/andosol-110.jpg,1,Andosol,val,3e6ce8d2a18ece13393838c33d6b7df7,c72d555906b3c15e,1093,yes,yes,included_in_cv
val/Black soil/12.jpg,2,Black soil,val,95e3ea239416eb46da2d33e522d0e3d0,9182ba27c3f1d5d1,316,no,yes,included_in_cv
val/Black soil/14.jpg,2,Black soil,val,cfa2e3ffcdf8184514fb538b64398e4b,8976959b3131d173,314,no,yes,included_in_cv
val/Black soil/17.jpg,2,Black soil,val,660228e0e81f297d7581174ebd0feafc,b0e8dac5c1346d9b,313,no,yes,included_in_cv
val/Black soil/18.jpg,2,Black soil,val,6bcd35daf835489dff9752c5566ae468,f196d2be8a60ada1,312,no,yes,included_in_cv
val/Black soil/27.jpg,2,Black soil,val,ca905f71a9c22ce4a811f59cea61e8ee,bdb85ae3618854d5,1094,yes,yes,included_in_cv
val/Black soil/28.jpg,2,Black soil,val,9ac1a3c6d4c1b556da99811bc8b34cc3,c45a1f0f078eb1a7,311,no,yes,included_in_cv
val/Black soil/37.jpg,2,Black soil,val,4a67cb99dee146ff75ad420041f1f8a0,8aa8ccb70ffe0970,309,no,yes,included_in_cv
val/Black soil/4.jpg,2,Black soil,val,c61319587cdcd86c34a7d3604370dfb9,c1f9b59195d19591,317,no,yes,included_in_cv
val/Black soil/Black_11.jpg,2,Black soil,val,2d7d4130cf3f2c42f5a68ee2a6b6c9b3,fd28e87fa83ba500,1095,yes,yes,included_in_cv
val/Black soil/Black_17.jpg,2,Black soil,val,c053ef2b80800f656d11682355cb89f4,fd2aea466f2492a8,1096,yes,yes,included_in_cv
val/Black soil/Black_18.jpg,2,Black soil,val,960c47ab0d304e42faabe0ef7b5834d3,e0071f7c81e3e11f,1097,yes,yes,included_in_cv
val/Black soil/Black_25.jpg,2,Black soil,val,6d87e7a166ab804b21456bff62392f04,968aed197305fb14,1098,yes,yes,included_in_cv
val/Black soil/Black_28.jpg,2,Black soil,val,dafec3f107c50e60135cf4124e073bf4,b195b1b5b54d4c4c,1099,yes,yes,included_in_cv
val/Black soil/Black_35.jpg,2,Black soil,val,29af56bbb4c923320d42806ca3a02425,aaeaaa5415aaad95,1100,yes,yes,included_in_cv
val/Black soil/Black_40.jpg,2,Black soil,val,dd7d4e4ead89fd76a038545982aeaaff,d71473886f90739c,1101,yes,yes,included_in_cv
val/Black soil/Black_7.jpg,2,Black soil,val,a4651aa0e015732fbfaf02251ed1a3c7,cdea70aa4ad744a5,1102,yes,yes,included_in_cv
val/Black soil/Black_Soil_ (1).jpg,2,Black soil,val,99a5e0122a63a92ed758ba9017c974c6,e8d2fca854399b34,1103,yes,yes,included_in_cv
val/Black soil/Black_Soil_ (10).jpg,2,Black soil,val,3262d9d06dab3b47f06aa64e7bad5061,d17c6da40e7a6c31,1104,yes,yes,included_in_cv
val/Black soil/Black_Soil_ (17).jpg,2,Black soil,val,88a94ccdd926538c79f29a348e5f0f19,c01f691ec07dc31f,1105,yes,yes,included_in_cv
val/Black soil/Black_Soil_ (20).jpg,2,Black soil,val,e44eab2f1792ae1dab302998425db692,9f3167c6163c6d11,1106,yes,yes,included_in_cv
val/Black soil/Black_Soil_ (23).jpg,2,Black soil,val,4d26356c1f6c3e31cc9cb802a7a64a33,82a75bad4c752fa0,1107,yes,yes,included_in_cv
val/Black soil/Black_Soil_ (26).jpg,2,Black soil,val,aaf25c0b2f0e407d315153823572a186,e5420f6f949e3931,1108,yes,yes,included_in_cv
val/Black soil/Black_Soil_ (45).jpg,2,Black soil,val,718f69209c9cd42438bab02751af9f9e,bdb85ae3618854d5,1094,no,yes,included_in_cv
val/Black soil/Black_Soil_ (46).jpg,2,Black soil,val,fc23914fd5cb458ee9b5ee953080d466,e2eadca157e52306,235,no,yes,included_in_cv
val/Black soil/Black_Soil_ (5).jpg,2,Black soil,val,71ca8dbaca81fa2ba7384acaab9819e6,87771b327841750f,1109,yes,yes,included_in_cv
val/Black soil/Black_Soil_ (53).jpg,2,Black soil,val,146b33617197b90fb0f1940b1f87338c,feada4bc84b0c6e0,227,no,yes,included_in_cv
val/Black soil/Black_Soil_ (62).jpg,2,Black soil,val,ec96b14a80e6b82d2441f4d2f5683a2f,a0df9602abd2ba47,222,no,yes,included_in_cv
val/Black soil/Black_Soil_ (63).jpg,2,Black soil,val,9f508a65126b31c9ff01f3db89e71d73,84bd415e5daa1579,250,no,yes,included_in_cv
val/Black soil/Black_Soil_ (71).jpg,2,Black soil,val,7c9eb76aeffa7a82d3c07451fc6847c1,d31776f41cc045d3,1110,yes,yes,included_in_cv
val/Black soil/Copy of Copy of Sample7.0.jpg,2,Black soil,val,2e579d8dbdec1a740a3bd5006da57da1,d2cb2f2d78343037,331,no,yes,included_in_cv
val/Black soil/Copy of Copy of kalimitti2.jpg,2,Black soil,val,ac12863ab08fecab17cf94f7b256b012,ef1cd4a11ad7291a,383,no,yes,included_in_cv
val/Black soil/Copy of Sample7.30.jpg,2,Black soil,val,da9a407efe3565add0048581f35ed4dc,cf993864a3cacb98,324,no,yes,included_in_cv
val/Black soil/Copy of images271.jpg,2,Black soil,val,20be7352ebc6b538c377a3207df29f2c,96df7828f1582393,335,no,yes,included_in_cv
val/Black soil/Copy of images284(1).jpg,2,Black soil,val,80cbfe70881d48730f7a87e0c2cec323,ab704bf3269c9d11,339,no,yes,included_in_cv
val/Black soil/Copy of images298.jpg,2,Black soil,val,2cce4143448385cf762160c6dc1bc495,a2406cafa5965e7c,341,no,yes,included_in_cv
val/Black soil/Copy of images337(1).jpg,2,Black soil,val,df99aba368c8d9062d085309cf06c0c3,d19a7025e3cd712d,351,no,yes,included_in_cv
val/Black soil/Copy of images337.jpg,2,Black soil,val,df99aba368c8d9062d085309cf06c0c3,d19a7025e3cd712d,351,no,yes,included_in_cv
val/Black soil/Copy of images350(1).jpg,2,Black soil,val,be26a1e4db836b08d8094513747d7df2,fbe0fae0e0c181ab,345,no,yes,included_in_cv
val/Black soil/Copy of images363.jpg,2,Black soil,val,82cd52bd176cd10163dfdecce9dc07c4,c31e9cdd42e0b6e2,347,no,yes,included_in_cv
val/Black soil/Copy of images365.jpg,2,Black soil,val,5ddd17e4e0541c24b9bebce1167dfd64,bd03f515a512ad66,348,no,yes,included_in_cv
val/Black soil/Copy of images371.jpg,2,Black soil,val,a6d5bbb6113cc94366381902a17f40b4,d4d352da4b4863ce,349,no,yes,included_in_cv
val/Black soil/Copy of images390.jpg,2,Black soil,val,cd3d2d646b249a68d02580c3f9ba71ab,fa999e1328b5b341,352,no,yes,included_in_cv
val/Black soil/Copy of images395.jpg,2,Black soil,val,67c8dd17f1fb60854f2e90cb68be784d,ed3107859bb87136,357,no,yes,included_in_cv
val/Black soil/Copy of images408(1).jpg,2,Black soil,val,6093305b8e65d0052ef5f2033d31f246,9033f2c5d8d1f564,326,no,yes,included_in_cv
val/Black soil/Copy of images409.jpg,2,Black soil,val,30580f6b4af0c54be4333516606573c9,c1cc485471def593,367,no,yes,included_in_cv
val/Black soil/Copy of images410(1).jpg,2,Black soil,val,cb434ef2fcfb394bb9bdd015a4804444,fe86bc84e554a474,1111,yes,yes,included_in_cv
val/Black soil/Copy of images410.jpg,2,Black soil,val,cb434ef2fcfb394bb9bdd015a4804444,fe86bc84e554a474,1111,no,yes,included_in_cv
val/Black soil/Copy of images417(1).jpg,2,Black soil,val,48c3b009b4074fe6b2f59d1009f068d1,99dd17d1ccc361a4,372,no,yes,included_in_cv
val/Black soil/Copy of images418(1).jpg,2,Black soil,val,7b349635d009c2794716e21233538cd1,908f1fc4363d6e38,358,no,yes,included_in_cv
val/Black soil/Copy of images419.jpg,2,Black soil,val,edfd4135ee99b405fde3ce4b6bde57b5,d77fc66d8c00b04d,373,no,yes,included_in_cv
val/Black soil/Copy of images420.jpg,2,Black soil,val,d8b9d3220d8034cec91bc28bf838af9b,e2eadca157e52306,235,no,yes,included_in_cv
val/Black soil/Copy of images422(1).jpg,2,Black soil,val,27a33f743002d2d47707a2c40e16c19b,b2eee308cb51e4b1,375,no,yes,included_in_cv
val/Black soil/Copy of images424.jpg,2,Black soil,val,c192e71e13ddb4cee69ce4a8776d3b3b,8517b84fe14af05b,377,no,yes,included_in_cv
val/Black soil/Copy of images425(1).jpg,2,Black soil,val,99464ce307ee2df44c0ab84c7d5edf68,85875aed6142f279,378,no,yes,included_in_cv
val/Black soil/Copy of images427(1).jpg,2,Black soil,val,da6f7ff3febef8ae0a19d0a86ba99ae8,c0e35f0e1ea87c95,1112,yes,yes,included_in_cv
val/Black soil/Copy of images427.jpg,2,Black soil,val,da6f7ff3febef8ae0a19d0a86ba99ae8,c0e35f0e1ea87c95,1112,no,yes,included_in_cv
val/Black soil/Copy of images429(1).jpg,2,Black soil,val,c11dfa1bbbcd9fdabf44f938764fd83c,90fa86bf312f1859,380,no,yes,included_in_cv
val/Black soil/Copy of images430.jpg,2,Black soil,val,ecffb07da071038979ec568995ace024,e92a6a666b3512e9,237,no,yes,included_in_cv
val/Black soil/Copy of images431(1).jpg,2,Black soil,val,bf11e6cbb53ed4825aa5313143ae35f1,b9f5c183ae186a96,381,no,yes,included_in_cv
val/Black soil/Copy of images433.jpg,2,Black soil,val,afcdd437e69632472e868e8db89038f0,d5ab50ce6d16027b,413,no,yes,included_in_cv
val/Black soil/Copy of images434.jpg,2,Black soil,val,93b7d0ca6db7a8256dd11912504042fa,c1727f180b25b1f6,325,no,yes,included_in_cv
val/Black soil/Copy of images436(1).jpg,2,Black soil,val,6d60cb23ba8c1dc1853d4776a18de935,e7e7dda08b2e4205,327,no,yes,included_in_cv
val/Black soil/Sample7.120.jpg,2,Black soil,val,eb2069857b4c372f343749d29afa43d3,cf613896e7619e30,1113,yes,yes,included_in_cv
val/Black soil/black-land-plant-isolated-on-260nw-1931330783.jpg,2,Black soil,val,28f8f1539fa6c1f65d984460fcb7ad0c,a782fc5ca203f95c,1114,yes,yes,included_in_cv
val/Black soil/black-sand-beach-macro-photography-260nw-1598238682.jpg,2,Black soil,val,0d6ea120375920cc4f339cdba11598ca,d05ea55ea55ea05a,1115,yes,yes,included_in_cv
val/Black soil/black-soil-plowed-field-earth-260nw-796045561.jpg,2,Black soil,val,d710ae23140a1950b8b789f5acedccb7,b24cf11ae41be45b,1116,yes,yes,included_in_cv
val/Black soil/clean-soil-cultivation-potting-peat-260nw-1526246774.jpg,2,Black soil,val,051b7587033fb6ef51ead82036faf84e,8b2eab2bbc2aab44,1117,yes,yes,included_in_cv
val/Black soil/closeup-plowed-field-fertile-black-600w-1831062274.jpg,2,Black soil,val,e93cc68d3613626c33362659e85a2d36,8bc4c1c2b43df47c,1118,yes,yes,included_in_cv
val/Black soil/depositphotos_113297290-stock-photo-black-soil-texture.jpg,2,Black soil,val,2a4c96523866a9199420a5ea4f3a1eb6,d72d060719df7a48,340,no,yes,included_in_cv
val/Black soil/footprint-on-ground-soil-green-260nw-1989753302.jpg,2,Black soil,val,fd77183db7bdcc4b0fb949bac71c6028,841cb343f31ce95b,1119,yes,yes,included_in_cv
val/Black soil/fresh-green-sprouts-maize-spring-260nw-640948591.jpg,2,Black soil,val,e45cdde0cffdc958ebf9034d7d70333b,9612e94fb458b947,1120,yes,yes,included_in_cv
val/Black soil/images258.jpg,2,Black soil,val,18c1a54cb9678655d8938b42c0fe55dc,d1ea90b992b3e6a1,333,no,yes,included_in_cv
val/Black soil/images274.jpg,2,Black soil,val,64880fc07797bb8f5913aab092a737d2,85c30f613dfe6231,336,no,yes,included_in_cv
val/Black soil/images287.jpg,2,Black soil,val,fb9c03ea72163b0551ad82cde6238e2e,d72d02071bdf7a48,340,no,yes,included_in_cv
val/Black soil/images395.jpg,2,Black soil,val,67c8dd17f1fb60854f2e90cb68be784d,ed3107859bb87136,357,no,yes,included_in_cv
val/Black soil/images396.jpg,2,Black soil,val,62093fb38db765efc05329094437ecaf,808f1fc6162d6e3d,358,no,yes,included_in_cv
val/Black soil/images403.jpg,2,Black soil,val,df0c75954ef329adb6d117c0cf884d11,be2a46ce8b88bf44,364,no,yes,included_in_cv
val/Black soil/soil-surface-background-260nw-141203386.jpg,2,Black soil,val,5e529df16f6d80046cec9f974a212ce9,815ba05efb1efd00,1121,yes,yes,included_in_cv
val/Black soil/usually-growth-plant-contained-within-600w-1761444233.jpg,2,Black soil,val,4ad6d7890f35e1d7c3e4843eea23e54b,dc9cf372b41cc911,426,no,yes,included_in_cv
val/Clay soil/Clay_1.jpg,3,Clay soil,val,e9092395a9ba25c6724e92dbe9b44155,8430ddca76f268cd,1122,yes,yes,included_in_cv
val/Clay soil/Clay_13.jpg,3,Clay soil,val,c524a24714c1d5338ec219195e13d35a,8421d2279a7d8b7e,1123,yes,yes,included_in_cv
val/Clay soil/Clay_20.jpg,3,Clay soil,val,46b415e9598ed0185e13ab10965e52d4,845d3356f1279c5a,1124,yes,yes,included_in_cv
val/Clay soil/Clay_22.jpg,3,Clay soil,val,10997c707925a71afd29a9557aff699b,8e73a86d9623f06c,1125,yes,yes,included_in_cv
val/Clay soil/Clay_23.jpg,3,Clay soil,val,9d8978c130f5ae85f1dc2e381e4bf8e5,a09e438e7f817e98,1126,yes,yes,included_in_cv
val/Clay soil/Clay_30.jpg,3,Clay soil,val,51f411ce25c8f67ccb0bd918383c9443,90b02adc68b55fec,1127,yes,yes,included_in_cv
val/Clay soil/Clay_7.jpg,3,Clay soil,val,fb37fbf89db4d7772e0844d272c753b7,c69961be619f4895,1128,yes,yes,included_in_cv
val/Clay soil/Clay_9.jpg,3,Clay soil,val,bd0d032dc6308a78bf3da095da2d8b7a,d4c936d5d360cd07,1129,yes,yes,included_in_cv
val/Clay soil/Copy of 1523893451317.jpeg,3,Clay soil,val,1b73462455b63c313893ce618f79a498,a68e9e6fd39101e4,1130,yes,yes,included_in_cv
val/Clay soil/Copy of 94530057-red-clay-soil-on-nature-as-a-background-.jpg,3,Clay soil,val,cd5ab07e4e8be0c5d30a2358bf41fbdb,cbf8b6ab03902db4,428,no,yes,included_in_cv
val/Clay soil/Copy of Heres-How-To-Improve-Your-Clay-Soil-the-Easy-Way-FI(1).jpg,3,Clay soil,val,cbab876288b3381d2ac8db0709a64255,80c631cf65d933e9,470,no,yes,included_in_cv
val/Clay soil/Copy of Sample12.150.jpg,3,Clay soil,val,789a67499b113eb02810212d9917ebf3,cb8e3c60e21f8fe0,1131,yes,yes,included_in_cv
val/Clay soil/Copy of Sample12.90.jpg,3,Clay soil,val,89e7f8976fa4cba62a066f646d0b0682,c0d06b0f353fd634,1132,yes,yes,included_in_cv
val/Clay soil/Copy of Shovel-In-Clay-1-of-1-600x409.jpg,3,Clay soil,val,4ca86312d1cb889e482578e3df8e98e3,f716d5c924d2881f,469,no,yes,included_in_cv
val/Clay soil/Copy of clay-soil-close-up-brown-179039817.jpg,3,Clay soil,val,8984584f35638621f0d418c3a615c378,f6542aab77b30312,609,no,yes,included_in_cv
val/Clay soil/Copy of clay-soil-field.jpg,3,Clay soil,val,8877cd7a85bdac583fb2a12672c15718,c3f8449f40bf453a,1133,yes,yes,included_in_cv
val/Clay soil/Copy of cracked-clay-soil-12498989.jpg,3,Clay soil,val,98f6536790600c1231567abc68472fa6,ce33ecd50231eca9,431,no,yes,included_in_cv
val/Clay soil/Copy of depositphotos_5508133-stock-photo-dry-red-clay-soil-texture(1).jpg,3,Clay soil,val,eb8bc41943abdd0c08d975da4f57c7b9,84d932d471a7987b,502,no,yes,included_in_cv
val/Clay soil/Copy of drought-964339_1920.jpg,3,Clay soil,val,d16b93938a7ec432c1cde4f9b6b16ef4,e8e8243496537a7b,503,no,yes,included_in_cv
val/Clay soil/Copy of image21.jpeg,3,Clay soil,val,5c67e7fea887f28fd489c88671ed435d,9e9b4168fa9c126b,497,no,yes,included_in_cv
val/Clay soil/Copy of image6(1).jpeg,3,Clay soil,val,bdb36d4fa1918bd0903923502911eec2,8207af719152f9ad,507,no,yes,included_in_cv
val/Clay soil/Copy of images22.jpg,3,Clay soil,val,d6bc31fe93dadc700c0c8838d438784e,84d932d471a7987b,502,no,yes,included_in_cv
val/Clay soil/Copy of images24(1).jpg,3,Clay soil,val,23b4fc9559051fb5fd3bfc17653126d5,825a79777365e007,505,no,yes,included_in_cv
val/Clay soil/Copy of images24.jpg,3,Clay soil,val,23b4fc9559051fb5fd3bfc17653126d5,825a79777365e007,505,no,yes,included_in_cv
val/Clay soil/Copy of images43(1).jpg,3,Clay soil,val,f223087dcb3517e30824966a59548ab4,a36a2580e9fc2cf3,500,no,yes,included_in_cv
val/Clay soil/Copy of images72(1).jpg,3,Clay soil,val,871de09d815209775707968dcd1ad68d,87bd0b90e4e3b4d1,468,no,yes,included_in_cv
val/Clay soil/Copy of images76.jpg,3,Clay soil,val,ba441f12d16bb49abcac884633c4769b,f10495db6ed6cc0a,509,no,yes,included_in_cv
val/Clay soil/Copy of man-working-shovel-clay-260nw-639044377(1).jpg,3,Clay soil,val,8d5b25782c914893eae37c0abd8403c0,bf1be143b164d60c,616,no,yes,included_in_cv
val/Clay soil/Copy of man-working-shovel-clay-260nw-639044377.jpg,3,Clay soil,val,8d5b25782c914893eae37c0abd8403c0,bf1be143b164d60c,616,no,yes,included_in_cv
val/Clay soil/Sample1.0.jpg,3,Clay soil,val,bc26a0792622e972862bf325e05e6e27,cd1873213ae7166e,471,no,yes,included_in_cv
val/Clay soil/Sample2.0.jpg,3,Clay soil,val,cd3f18cc79cb9e2ae4f1df48014b423b,c7c7603e9e3071c9,483,no,yes,included_in_cv
val/Clay soil/Sample2.180.jpg,3,Clay soil,val,699fb34275f41439b16c0445cd77660a,926d7594cb9a2563,486,no,yes,included_in_cv
val/Clay soil/Sample3.150.jpg,3,Clay soil,val,55645e94585c4e3a4a7aa3d164a31b9d,d14d3ea7e31603f0,492,no,yes,included_in_cv
val/Clay soil/aug_0_1029.jpg,3,Clay soil,val,5695336223c8ea801f5eb0a74779ac4d,d3c83a7be63128c3,1134,yes,yes,included_in_cv
val/Clay soil/aug_0_1197.jpg,3,Clay soil,val,11963426897e28520e40c6f9527d744a,90c4718c2baf8bd7,1135,yes,yes,included_in_cv
val/Clay soil/aug_0_1218.jpg,3,Clay soil,val,6a857372910cc95bd64585e55ccf24a5,cd4e694d66d3086e,1136,yes,yes,included_in_cv
val/Clay soil/aug_0_1297.jpg,3,Clay soil,val,4f5c6cc2afd7fee40246a12fcf016ca7,859b68916f9269d3,1137,yes,yes,included_in_cv
val/Clay soil/aug_0_1960.jpg,3,Clay soil,val,13383ffe40af7651f285e8a88b6108e9,d198778c95269d8e,1138,yes,yes,included_in_cv
val/Clay soil/aug_0_3201.jpg,3,Clay soil,val,f3e7f098a1c545c2674a80b59e25b5a1,8cc2114747d571fd,1139,yes,yes,included_in_cv
val/Clay soil/aug_0_3980.jpg,3,Clay soil,val,d111ad700fe0c77f56e36a9033598078,95b50101e8f4f9fc,1140,yes,yes,included_in_cv
val/Clay soil/aug_0_5236.jpg,3,Clay soil,val,167e4d1400f267741cf572429af3f56e,95a00f8e0efa93d5,1141,yes,yes,included_in_cv
val/Clay soil/aug_0_5384.jpg,3,Clay soil,val,4d2b265f2e7175c4d0f9014e3d25752a,b6d9743bccb11984,1142,yes,yes,included_in_cv
val/Clay soil/aug_0_7428.jpg,3,Clay soil,val,f2ef310dc253e6d52fc65a2dac117a46,c07a597f06e904f5,1143,yes,yes,included_in_cv
val/Clay soil/aug_0_7581.jpg,3,Clay soil,val,a9928b5eb8e5e1de30c33569e8865838,98c6739448717cbd,1144,yes,yes,included_in_cv
val/Clay soil/aug_0_7903.jpg,3,Clay soil,val,d7e9795603b3f543dfe0d9d10649ebe2,859cf8e31cc72a93,1145,yes,yes,included_in_cv
val/Clay soil/aug_0_8037.jpg,3,Clay soil,val,d7713a9c0a5cc54f06d34d5a0ebb5bb1,8bf861bf11e6d0a8,1146,yes,yes,included_in_cv
val/Clay soil/aug_0_8079.jpg,3,Clay soil,val,07ef59eac321ba36de62fe5e45aba709,c69d936c4d8f9294,1147,yes,yes,included_in_cv
val/Clay soil/aug_0_8300.jpg,3,Clay soil,val,b55d4d14d83aa64de29f3abc1067a1d2,c44a4d26f38a56f5,1148,yes,yes,included_in_cv
val/Clay soil/aug_0_8437.jpg,3,Clay soil,val,a96d6cdd5b4e6446dfe97f88ba5873a7,c6db694c2436d3c5,1149,yes,yes,included_in_cv
val/Clay soil/aug_0_8478.jpg,3,Clay soil,val,e663febb9d4854549d2bd9b00b98a90b,931f38e266997986,1150,yes,yes,included_in_cv
val/Clay soil/aug_0_8606.jpg,3,Clay soil,val,bca1db52190f0a1a2c250fa18ee252c2,c1d45bfb2d24cf20,1151,yes,yes,included_in_cv
val/Clay soil/aug_0_8804.jpg,3,Clay soil,val,9f7fa310a0ac89dd830345cdf8583b65,933a62c4b8e35cc7,1152,yes,yes,included_in_cv
val/Clay soil/aug_0_9287.jpg,3,Clay soil,val,67e8808fb6e6a96bdd3da45e7d05f562,84da65729be27398,1153,yes,yes,included_in_cv
val/Clay soil/aug_0_958.jpg,3,Clay soil,val,fd2b9f5e969d49bf506cb797389213db,838187fc2ccff4a1,1154,yes,yes,included_in_cv
val/Clay soil/backdrop-thick-viscous-slippery-tracks-260nw-542119996.jpg,3,Clay soil,val,344c5320d9ffe3eeac837626de49c924,9171cf1eb402b70f,1155,yes,yes,included_in_cv
val/Clay soil/clay-soil-field.jpg,3,Clay soil,val,8877cd7a85bdac583fb2a12672c15718,c3f8449f40bf453a,1133,no,yes,included_in_cv
val/Clay soil/cracked-clay-winter-ground-typical-260nw-2134601235.jpg,3,Clay soil,val,32caf95c1dc0b507082ce473bdf8dad8,8f6af053e44fdc04,1156,yes,yes,included_in_cv
val/Clay soil/crosssection-pavement-layers-clay-sand-260nw-1235206921.jpg,3,Clay soil,val,a7c670f6d43313a4fd5d69cb63f7bb0c,855ddf0ca258f08f,1157,yes,yes,included_in_cv
val/Clay soil/global-warming-concept-dry-cracks-260nw-1730488078.jpg,3,Clay soil,val,6fb4b88e5a54e3150231e89c97a4c111,8998e447ea69cf0e,1158,yes,yes,included_in_cv
val/Clay soil/golden-crack-earth-dry-ground-260nw-532903036.jpg,3,Clay soil,val,2e6a568ab71e51ca3d3b73502d04a8c1,9516820ce71bfe35,1159,yes,yes,included_in_cv
val/Clay soil/image21.jpeg,3,Clay soil,val,5c67e7fea887f28fd489c88671ed435d,9e9b4168fa9c126b,497,no,yes,included_in_cv
val/Clay soil/images24.jpg,3,Clay soil,val,23b4fc9559051fb5fd3bfc17653126d5,825a79777365e007,505,no,yes,included_in_cv
val/Clay soil/red-clay-soil-closeup-red-clay-soil-closeup-as-natural-background-989216052.jpg,3,Clay soil,val,e1e3432f9f174da2a679fccb9452d4f6,c17a8f7892579e42,512,no,yes,included_in_cv
val/Clay soil/red-soil-earth-texture-background-260nw-1181471485.jpg,3,Clay soil,val,851fc44fc688dd6e8477035a65c45c95,c37efc1b9058b942,1160,yes,yes,included_in_cv
val/Inceptisol soil/inceptisol-001.jpg,4,Inceptisol soil,val,a05cfbd06a6cc3220a2c6ea98660672e,c814975b27a75c72,1161,yes,yes,included_in_cv
val/Inceptisol soil/inceptisol-007.jpg,4,Inceptisol soil,val,5f7f9e0825f8b52e464875fa7f6ac688,f907019f6d216d0f,1162,yes,yes,included_in_cv
val/Inceptisol soil/inceptisol-013.jpg,4,Inceptisol soil,val,f80cc73bb0e6f38a5a7264d9c3bbdc31,831f725ab9566471,1163,yes,yes,included_in_cv
val/Inceptisol soil/inceptisol-014.jpg,4,Inceptisol soil,val,573996cd960e729af63b6883b27c2820,a55ca6914ca671de,1164,yes,yes,included_in_cv
val/Inceptisol soil/inceptisol-021.jpg,4,Inceptisol soil,val,759fea45db26e21558b2110989e5bbde,c43348aa3bccba3b,1165,yes,yes,included_in_cv
val/Inceptisol soil/inceptisol-027.jpg,4,Inceptisol soil,val,61f9e0519f9c3892abe11f86cbfe58a6,c8ef94a527581c8f,1166,yes,yes,included_in_cv
val/Inceptisol soil/inceptisol-038.jpg,4,Inceptisol soil,val,82c490d1f624f98ed616fd59ea59b73b,e79a8dad8190ff01,1167,yes,yes,included_in_cv
val/Inceptisol soil/inceptisol-040.jpg,4,Inceptisol soil,val,1b6233a7b30eba1160199ef14c3a54b7,b43542bab29696da,1168,yes,yes,included_in_cv
val/Inceptisol soil/inceptisol-045.jpg,4,Inceptisol soil,val,44583d37c9115e76776a700e7d611d6e,f8f801606dde2cf1,1169,yes,yes,included_in_cv
val/Inceptisol soil/inceptisol-055.jpg,4,Inceptisol soil,val,1667cc930a2f732d63fcb6dc2fd0d785,a0cd4f199ea56237,1170,yes,yes,included_in_cv
val/Inceptisol soil/inceptisol-057.jpg,4,Inceptisol soil,val,d725058f2bf72f5f8418462586b2231f,f5981a4ccbf03762,1171,yes,yes,included_in_cv
val/Inceptisol soil/inceptisol-070.jpg,4,Inceptisol soil,val,06c43cba10c276288280ecd91c72cc1c,9cbadbd0720f0dc8,1172,yes,yes,included_in_cv
val/Inceptisol soil/inceptisol-086.jpg,4,Inceptisol soil,val,ce3d8739d71bac2f90c26d526e4e6b91,91661d562e99ca6e,1173,yes,yes,included_in_cv
val/Inceptisol soil/inceptisol-088.jpg,4,Inceptisol soil,val,8e12a8ef404a3ae6a424708d22b43ef3,80c179fb6f1e31c1,1174,yes,yes,included_in_cv
val/Inceptisol soil/inceptisol-090.jpg,4,Inceptisol soil,val,3e6989d3cfe1da68fb64d92e28e7a9dc,d59444ef3a4b6495,1175,yes,yes,included_in_cv
val/Inceptisol soil/inceptisol-093.jpg,4,Inceptisol soil,val,bfb7700dd3c357a82ce31f3f8d4acf42,873ac8cc42bf19d6,1176,yes,yes,included_in_cv
val/Laterite soil/12.jpg,5,Laterite soil,val,3420f5fedd41f5b5c3353bef3f4edaf5,f08ef981e6c0c71d,718,no,yes,included_in_cv
val/Laterite soil/13.jpg,5,Laterite soil,val,2013d5b1a8619f700b14a5ef8c3eab78,d4bd62890e3aa56b,723,no,yes,included_in_cv
val/Laterite soil/23.jpg,5,Laterite soil,val,d9616aa6dbae9f3d5a4c94866ed4ceb4,84047d0279efff84,702,no,yes,included_in_cv
val/Laterite soil/29.jpg,5,Laterite soil,val,596b24b928146184ed9b8203c7b3c7f3,94a998919b9a575e,704,no,yes,included_in_cv
val/Laterite soil/7.jpg,5,Laterite soil,val,4b767cc8bd28c131e2c9f836e822af36,d5ab40b5175c46d3,693,no,yes,included_in_cv
val/Laterite soil/8.jpg,5,Laterite soil,val,a8075e3d412b556c37114b5d272e6589,d3c5d39e41fb2c80,726,no,yes,included_in_cv
val/Laterite soil/Laterite_Soil_ (1).jpg,5,Laterite soil,val,c6ceb48028ccbbfd8c5f330d2a6bca41,d58978b4fa9660d1,1177,yes,yes,included_in_cv
val/Laterite soil/Laterite_Soil_ (10).jpg,5,Laterite soil,val,9bc4784eb002ee7d2a6fe6bc7f256137,c1cd3e493c923d74,690,no,yes,included_in_cv
val/Laterite soil/Laterite_Soil_ (11).jpg,5,Laterite soil,val,2383fd5b2a399b0364adca596a27413d,c3ba4f30a56db0b4,691,no,yes,included_in_cv
val/Laterite soil/Laterite_Soil_ (19).jpg,5,Laterite soil,val,2d72191ca0cfdc129fd2087cc6ec4972,81e91f346e437d1c,696,no,yes,included_in_cv
val/Laterite soil/Laterite_Soil_ (20).jpg,5,Laterite soil,val,ee0cb5fe12bd5882f36b28973188ad83,85d35a2d78b65b05,1178,yes,yes,included_in_cv
val/Laterite soil/Laterite_Soil_ (29).jpg,5,Laterite soil,val,9e3cc2251983b6f1120b9f409e2b3eb8,91b89f97d010ccdb,1179,yes,yes,included_in_cv
val/Laterite soil/Laterite_Soil_ (40).jpg,5,Laterite soil,val,318b29fd36966212f78e8ba2dd6088f9,9139e952940fb87d,1180,yes,yes,included_in_cv
val/Laterite soil/Laterite_Soil_ (43).jpg,5,Laterite soil,val,7bc15584f3889b51d632275a027b4007,d0790f87253c0eaf,1181,yes,yes,included_in_cv
val/Laterite soil/Laterite_Soil_ (48).jpg,5,Laterite soil,val,b6f829a5dc82bea4fa4a2dc2b07b0043,83763f90bfc028da,1182,yes,yes,included_in_cv
val/Laterite soil/Laterite_Soil_ (51).jpg,5,Laterite soil,val,ae5a9ded30fec298bf18a879bc15c4ed,867f86343455796a,1183,yes,yes,included_in_cv
val/Laterite soil/Laterite_Soil_ (55).jpg,5,Laterite soil,val,f65544609d4486c491381e6615b353f1,c5932496c9aef1c5,697,no,yes,included_in_cv
val/Laterite soil/aug_0_1035.jpg,5,Laterite soil,val,eb937c5624a54a468e7f8cc16b287d19,ad293d5a0aaf0772,1184,yes,yes,included_in_cv
val/Laterite soil/aug_0_3096.jpg,5,Laterite soil,val,553b38b19832f26c87a55f836c7ccb58,9ce35cc6c48c0fbc,1185,yes,yes,included_in_cv
val/Laterite soil/aug_0_3749.jpg,5,Laterite soil,val,5bf854284cccd880377f7c11e6f08bf7,900c0d3cfcfc78f8,1186,yes,yes,included_in_cv
val/Laterite soil/aug_0_4023.jpg,5,Laterite soil,val,d88713e83a42e174df001d03d9262488,d4d485203f22dadf,1187,yes,yes,included_in_cv
val/Laterite soil/aug_0_486.jpg,5,Laterite soil,val,4efac1228c1561027b113cec001bfb66,aa2a1a56723e1d5d,1188,yes,yes,included_in_cv
val/Laterite soil/aug_0_5553.jpg,5,Laterite soil,val,2bc075f637db7a0296d7e222636b4518,95545efae0913327,1189,yes,yes,included_in_cv
val/Laterite soil/aug_0_5955.jpg,5,Laterite soil,val,4009ccac5d6f306e4276acc95abe544a,d090b5dd8dad6a2a,1190,yes,yes,included_in_cv
val/Laterite soil/aug_0_6240.jpg,5,Laterite soil,val,ed4b06bbeabced570d62c465e8072855,b73297c2592abc85,1191,yes,yes,included_in_cv
val/Laterite soil/aug_0_6506.jpg,5,Laterite soil,val,df943140b97a1f0d2f258b3d4b7127e6,eaa565b652aa6949,1192,yes,yes,included_in_cv
val/Laterite soil/aug_0_6885.jpg,5,Laterite soil,val,474a0ec82588a1b372a14e1e9e5fbec7,af2d5a4a86766b11,1193,yes,yes,included_in_cv
val/Laterite soil/aug_0_697.jpg,5,Laterite soil,val,af5c36563107e34d32f449d303f1dee6,db01967ff6f8e000,1194,yes,yes,included_in_cv
val/Laterite soil/aug_0_698.jpg,5,Laterite soil,val,020b29c89b4cd9281bf6fdca2342367f,e161e1930f3e6cd8,1195,yes,yes,included_in_cv
val/Laterite soil/aug_0_6999.jpg,5,Laterite soil,val,b3d9d4f3e1099c2c584c75b8f4140bf2,887f484c7eb0e5a6,1196,yes,yes,included_in_cv
val/Laterite soil/aug_0_728.jpg,5,Laterite soil,val,7a7c6a63a3878253d43f2caf56286ed5,c1fdcdc0cccf5049,1197,yes,yes,included_in_cv
val/Laterite soil/aug_0_7431.jpg,5,Laterite soil,val,26f88ce2efcd427c766de67a80d1a477,9393d66e2e92d168,1198,yes,yes,included_in_cv
val/Laterite soil/aug_0_7443.jpg,5,Laterite soil,val,7e8e0a36f0710bb831a957a63122e6a0,9090bfddabee6202,1199,yes,yes,included_in_cv
val/Laterite soil/aug_0_96.jpg,5,Laterite soil,val,f6483f1009fdf00c25b95df5e6c8da87,d24a6aa1b556723b,1200,yes,yes,included_in_cv
val/Laterite soil/laterit-001.jpg,5,Laterite soil,val,8713d2a01bc867bc4743dcfe65d3bef8,d2aba5db5aa88471,1201,yes,yes,included_in_cv
val/Laterite soil/laterit-002.jpg,5,Laterite soil,val,c563d864f80d5d492d1305d1f1fa33c4,d20d5e273e390557,1202,yes,yes,included_in_cv
val/Laterite soil/laterit-009.jpg,5,Laterite soil,val,e03a180dfa6c836615910fbd999fa236,ab48ad2ae57ac42e,1203,yes,yes,included_in_cv
val/Laterite soil/laterit-019.jpg,5,Laterite soil,val,108151ccdc7d7a5843304792e2523806,b8ec3da462156778,1204,yes,yes,included_in_cv
val/Laterite soil/laterit-021.jpg,5,Laterite soil,val,a9090634d4ef2431ddf3ad8967b26f22,915ead62d26fe222,1205,yes,yes,included_in_cv
val/Laterite soil/laterit-026.jpg,5,Laterite soil,val,3248c1674cf601c00cd6b35dbb5bd878,c5a0d5d0dcc27bca,1206,yes,yes,included_in_cv
val/Laterite soil/laterit-032.jpg,5,Laterite soil,val,d78d73a3a08d16cdf0b566578f131e7e,d2f25ad936c705a8,1207,yes,yes,included_in_cv
val/Laterite soil/laterit-033.jpg,5,Laterite soil,val,cafae155a8570579704d3a6c89e88eb6,9659891ce6ab3c65,1208,yes,yes,included_in_cv
val/Laterite soil/laterit-038.jpg,5,Laterite soil,val,587023ed15f6e0dec82119b2c4fb75a0,8d57751a67d20e61,1209,yes,yes,included_in_cv
val/Laterite soil/laterit-039.jpg,5,Laterite soil,val,6bd3c87e46e7c66d675564c145192303,949aff4885e8b670,1210,yes,yes,included_in_cv
val/Laterite soil/laterit-048.jpg,5,Laterite soil,val,94dc1cab8815f9128531eff37cfccc4f,fdf0d4e48078319e,1211,yes,yes,included_in_cv
val/Laterite soil/laterit-061.jpg,5,Laterite soil,val,5b0d6496b8824e456783113f3414e3d8,891f59c1470d175f,1212,yes,yes,included_in_cv
val/Laterite soil/laterit-082.jpg,5,Laterite soil,val,457ee65efe732ef311b460611044865c,edb968f137403325,1213,yes,yes,included_in_cv
val/Laterite soil/laterit-094.jpg,5,Laterite soil,val,f60e0f234b3ac4c9545b8da4b2a3797a,9f67bb1b49886894,1214,yes,yes,included_in_cv
val/Laterite soil/laterit-110.jpg,5,Laterite soil,val,b8447325ba9b56f2833643160a838e20,d8a27bfd238a38c1,1215,yes,yes,included_in_cv
val/Pasir soil/pasir-005.jpg,6,Pasir soil,val,d6498ab7bb5bb074a52dc26d3489543d,907663799ab24e59,1216,yes,yes,included_in_cv
val/Pasir soil/pasir-006.jpg,6,Pasir soil,val,a1a41a5befe456c81881f63fdd2ff142,d01fdf07099ab525,1217,yes,yes,included_in_cv
val/Pasir soil/pasir-023(1).jpg,6,Pasir soil,val,46fd9e5867cd6925b4a2ae2d8d47f430,a295ab95d2e1c7d0,885,no,yes,included_in_cv
val/Pasir soil/pasir-026.jpg,6,Pasir soil,val,e74113d31f22f29908a6904fd72ffc45,fa1583108d1adeeb,888,no,yes,included_in_cv
val/Pasir soil/pasir-058.jpg,6,Pasir soil,val,a278fd37f4e15613b8ea6cbed76d3ef3,80523e9f416f762b,1218,yes,yes,included_in_cv
val/Pasir soil/pasir-061.jpg,6,Pasir soil,val,cbe077b93d32d1b29e861125aa74e61e,dc613b254532717e,1219,yes,yes,included_in_cv
val/Pasir soil/pasir-062.jpg,6,Pasir soil,val,9acab4fcf704396bd4add6baba6e444a,c89da6a21bda62e9,1220,yes,yes,included_in_cv
val/Pasir soil/pasir-072.jpg,6,Pasir soil,val,cd0ec0b27cfdd860d7317f3941f9614d,b63a40612fc7ca2f,1221,yes,yes,included_in_cv
val/Pasir soil/pasir-079.jpg,6,Pasir soil,val,ed85d68ec33f7f1bc2ba2d05642f0a9c,b24cdb34bc3ca8b4,1222,yes,yes,included_in_cv
val/Pasir soil/pasir-085.jpg,6,Pasir soil,val,e575a84ae76fcf616535c85210d60b3f,d52c65ea554ab0c7,1223,yes,yes,included_in_cv
val/Pasir soil/pasir-086.jpg,6,Pasir soil,val,de3f5c0a6e93e870e182842fe1abc082,880ad824b1ff0e7f,1224,yes,yes,included_in_cv
val/Pasir soil/pasir-088.jpg,6,Pasir soil,val,5eec4e2a97476a6d21f8cf9257430b0c,df5aa970e0aa6a2a,1225,yes,yes,included_in_cv
val/Pasir soil/pasir-089.jpg,6,Pasir soil,val,7111ef3c7af8838f6d858ced8c950faf,af699e64b887601b,1226,yes,yes,included_in_cv
val/Pasir soil/pasir-092.jpg,6,Pasir soil,val,49cf136477560bb80e5b514500c06b26,f73bd43f83439018,1227,yes,yes,included_in_cv
val/Pasir soil/pasir-094.jpg,6,Pasir soil,val,8ba749bfed44da0ff23738028182753a,a26aab6ad216c52f,1228,yes,yes,included_in_cv
val/Pasir soil/pasir-096.jpg,6,Pasir soil,val,622a0133bd8428b150b1b9201db70442,c37370237283725f,1229,yes,yes,included_in_cv
val/Pasir soil/pasir-099.jpg,6,Pasir soil,val,a879101761ffe995512e38cab1b3ea33,c59267fc409f2857,1230,yes,yes,included_in_cv
val/Pasir soil/pasir-109.jpg,6,Pasir soil,val,8f9640c26bb246284ddfdd07b8df3d03,f48a118fc23dc63d,1231,yes,yes,included_in_cv
val/Red soil/3.jpg,7,Red soil,val,c247e1bc4402f05e1f6588246faeb550,d3d3e9a4bc909a29,951,no,yes,included_in_cv
val/Red soil/Copy of 5-red-soil-topspot-original-imaftmfanswghcfr.jpeg,7,Red soil,val,1085ca5a82d00785f0c0aa0a0a08e200,84315fbb786a1dc1,947,no,yes,included_in_cv
val/Red soil/Copy of 95424d278d0b71fa4b398f406303a4a9.jpg,7,Red soil,val,95424d278d0b71fa4b398f406303a4a9,c493bcf8c1a5c5d2,695,no,no,excluded_cross_class_duplicate_conflict
val/Red soil/Copy of Nc-red-clay-soil-2.jpg,7,Red soil,val,334dd0ed93073e84405c38528da11236,8de29cb10a136eeb,1006,no,yes,included_in_cv
val/Red soil/Copy of Sample6.120.jpg,7,Red soil,val,a066e8490432438bc40abb118f1eb68c,9665689c87639acd,1232,yes,yes,included_in_cv
val/Red soil/Copy of Sample6.60.jpg,7,Red soil,val,547bc918bbbc40bf57ce106a2fc828eb,9e64719a66999e29,1043,no,yes,included_in_cv
val/Red soil/Copy of Sample6.90.jpg,7,Red soil,val,a103dd841e0e01ffdec437ef30433c2a,85627a9d639066f3,1044,no,yes,included_in_cv
val/Red soil/Copy of image12.jpeg,7,Red soil,val,18d50d7a8b462306c79c39da7aefb0fb,913a5530a257ab77,967,no,yes,included_in_cv
val/Red soil/Copy of image2.jpeg,7,Red soil,val,4061ad183489af5800db9ceff3ec9118,e0fa3929f790d20e,1045,no,yes,included_in_cv
val/Red soil/Copy of image20.jpeg,7,Red soil,val,d8c3bfb628f34f39be2d56e1fa613a0d,f3c4083b8bd50af5,1233,yes,yes,included_in_cv
val/Red soil/Copy of image3.jpeg,7,Red soil,val,8a6e1083cfc9a7b1b3657db53bb2953a,ddc78487c69285ba,1005,no,yes,included_in_cv
val/Red soil/Copy of image5.jpeg,7,Red soil,val,1d0f80bdae0207412921b5d9dd1ddca9,f3c4083b8fd50af4,1233,no,yes,included_in_cv
val/Red soil/Copy of image8.jpeg,7,Red soil,val,5070d794b572bbc98b072d2a179f4081,ad16f84ab942e917,1046,no,yes,included_in_cv
val/Red soil/Copy of images.jpg,7,Red soil,val,2e4b2ed671c460d8b8ac27d4756154ca,c2b6be6899a0b9c3,984,no,yes,included_in_cv
val/Red soil/Copy of images135.jpg,7,Red soil,val,0ac357330b92755afe03fbf493be9a99,de95423bff30d024,1234,yes,yes,included_in_cv
val/Red soil/Copy of images137.jpg,7,Red soil,val,8cd5a758611c5f7c910f228585729881,b9d2cc2dd2730bc4,1047,no,yes,included_in_cv
val/Red soil/Copy of images141.jpg,7,Red soil,val,33663e2dab55c58ff6bc63de63a0a37e,c43f2bb100ef1dc6,1018,no,yes,included_in_cv
val/Red soil/Copy of images143.jpg,7,Red soil,val,c080602297c315ca79f7ac0e6445c22b,8670015f5645e9fd,1048,no,yes,included_in_cv
val/Red soil/Copy of images16.jpg,7,Red soil,val,f3a08c3cdf704133d3d214fb56328625,9480e6a35bd3d9f0,1049,no,yes,included_in_cv
val/Red soil/Copy of images168.jpg,7,Red soil,val,906cda1f896e389881ff23729401de9b,ed37c9a691482ea5,1050,no,yes,included_in_cv
val/Red soil/Copy of images195.jpg,7,Red soil,val,f7c8754d607285d912d371e7c93654ff,ff70c7c0c383828f,1051,no,yes,included_in_cv
val/Red soil/Copy of images59.jpg,7,Red soil,val,a0a2215fcd93d9221787f538eac4724e,c2b6be6898a0b9c7,984,no,yes,included_in_cv
val/Red soil/Copy of images66.jpg,7,Red soil,val,b0a2c90913f71e5a604371f30c0d7f9c,95d9d1cad094d595,952,no,yes,included_in_cv
val/Red soil/Red_11.jpg,7,Red soil,val,1d05f86d69c3347b506d73d294c730b9,958c35957de5a185,1235,yes,yes,included_in_cv
val/Red soil/Red_13.jpg,7,Red soil,val,7e24ffdd67b0579e48e04111af82ca9d,b13bb26f3c89058d,1236,yes,yes,included_in_cv
val/Red soil/Red_14.jpg,7,Red soil,val,fb43cb1dd748503f6e2ef2bc00589edc,d5c451ed3bbe30c0,1237,yes,yes,included_in_cv
val/Red soil/Red_17.jpg,7,Red soil,val,fb8695c1c16b3edcae790c86b2881f81,aafae878685b414b,1238,yes,yes,included_in_cv
val/Red soil/Red_22.jpg,7,Red soil,val,ae7d45734505ce2393d8c643c311cc6e,837a1edf0f016bb0,1239,yes,yes,included_in_cv
val/Red soil/Red_23.jpg,7,Red soil,val,3e2115c43d441c25b13a124465639b57,93ad71b58b51878a,1240,yes,yes,included_in_cv
val/Red soil/Red_27.jpg,7,Red soil,val,b27b159ebd4bf2c0dc9a2b4ef3fbcd75,8887560f3f0d74ab,1241,yes,yes,included_in_cv
val/Red soil/Red_28.jpg,7,Red soil,val,05b9328a9904dc857ac2806b9ea4f116,9a9a84a0e9cb9fb8,1242,yes,yes,included_in_cv
val/Red soil/Red_30.jpg,7,Red soil,val,0db2ab7102467f39f602b8210fec2dd1,d0f363d4cb92981e,1243,yes,yes,included_in_cv
val/Red soil/Red_31.jpg,7,Red soil,val,9977ca4a4a3d6c4d9117d2f244ce85b0,a1c66ff1751d0e22,1244,yes,yes,included_in_cv
val/Red soil/Red_41.jpg,7,Red soil,val,ae770a87a1e4fa9661a447b828ce3d40,cbfff5b48080821f,1245,yes,yes,included_in_cv
val/Red soil/Red_45.jpg,7,Red soil,val,7c2929c7e6688c584cd2dcbe5e086b77,992e939ca9923b8b,1246,yes,yes,included_in_cv
val/Red soil/Sample6.120.jpg,7,Red soil,val,a066e8490432438bc40abb118f1eb68c,9665689c87639acd,1232,no,yes,included_in_cv
val/Red soil/Sample8.30.jpg,7,Red soil,val,6319c03a39a0a80b09407865bb81dfc7,9a656992a6939a6d,961,no,yes,included_in_cv
val/Red soil/image20.jpeg,7,Red soil,val,d8c3bfb628f34f39be2d56e1fa613a0d,f3c4083b8bd50af5,1233,no,yes,included_in_cv
val/Red soil/image5.jpeg,7,Red soil,val,1d0f80bdae0207412921b5d9dd1ddca9,f3c4083b8fd50af4,1233,no,yes,included_in_cv
val/Red soil/images127.jpg,7,Red soil,val,9457ca4dc9ef38802a8b691eaa176f09,c74f42afa8a4b496,987,no,yes,included_in_cv
val/Red soil/images139.jpg,7,Red soil,val,280cd01d87e1c3f7a6b7bfad8170b843,c4ef42dfb09123a5,992,no,yes,included_in_cv
val/Red soil/images152.jpg,7,Red soil,val,6cb6e9fbb287f1d3f8a6ac491c09994c,ca974be10b8c36ea,993,no,yes,included_in_cv
val/Red soil/images156.jpg,7,Red soil,val,22b7b659d07e7ca330ddf784166a2df4,910d2f1b36283b6f,994,no,yes,included_in_cv
val/Red soil/images171.jpg,7,Red soil,val,4887eaef5774b8cd47787aa610ac0bcb,d1c6375caaef8092,948,no,yes,included_in_cv
val/Red soil/images177.jpg,7,Red soil,val,56975b9c2923de44e2db381f0e433a50,ab6221b0dee1e1ad,1000,no,yes,included_in_cv
val/Red soil/images45.jpg,7,Red soil,val,c9bc31c16c1013d67735ef31c513f270,f044ed0ee915aa57,1010,no,yes,included_in_cv
val/Red soil/images66.jpg,7,Red soil,val,b0a2c90913f71e5a604371f30c0d7f9c,95d9d1cad094d595,952,no,yes,included_in_cv
val/Red soil/images70.jpg,7,Red soil,val,427faf358005e87da59788b175bf2152,da89a665391992f3,950,no,yes,included_in_cv
val/Red soil/red-soil-background-6402446.jpg,7,Red soil,val,f574ed47bae3704bb3a3fbbc2e3f4edb,c43f2b9140ef1dc6,1018,no,yes,included_in_cv
